tTrackImages,tArtistsexternalurls,tArtistsFollowers,tArtistsid,tArtistsname,tArtistspopularity,tArtiststype,tArtistsuri,tGenre,tArtistsTime,topArtistName,tArtistimage1_height,tArtistimage1_url,tArtistimage1_width,tArtistimage2_height,tArtistimage2_url,tArtistimage2_width,tArtistimage3_height,tArtistimage3_url,tArtistimage3_width,file_name
[],https://open.spotify.com/artist/0C8ZW7ezQVs4URX5aX7Kqx,48190679,0C8ZW7ezQVs4URX5aX7Kqx,Selena Gomez,82,artist,spotify:artist:0C8ZW7ezQVs4URX5aX7Kqx,"pop, post-teen pop",Long_term,Taylor Swift,640,https://i.scdn.co/image/ab6761610000e5ebc3c753851496854e29abff7a,640,320,https://i.scdn.co/image/ab67616100005174c3c753851496854e29abff7a,320,160,https://i.scdn.co/image/ab6761610000f178c3c753851496854e29abff7a,160,userProfileDataLongArtists
[],https://open.spotify.com/artist/1McMsnEElThX1knmY4oliG,33784377,1McMsnEElThX1knmY4oliG,Olivia Rodrigo,88,artist,spotify:artist:1McMsnEElThX1knmY4oliG,pop,Long_term,Taylor Swift,640,https://i.scdn.co/image/ab6761610000e5ebe03a98785f3658f0b6461ec4,640,320,https://i.scdn.co/image/ab67616100005174e03a98785f3658f0b6461ec4,320,160,https://i.scdn.co/image/ab6761610000f178e03a98785f3658f0b6461ec4,160,userProfileDataLongArtists
[],https://open.spotify.com/artist/6jJ0s89eD6GaHleKKya26X,31921822,6jJ0s89eD6GaHleKKya26X,Katy Perry,84,artist,spotify:artist:6jJ0s89eD6GaHleKKya26X,pop,Long_term,Taylor Swift,640,https://i.scdn.co/image/ab6761610000e5ebdc9dcb7e4a97b4552e1224d6,640,320,https://i.scdn.co/image/ab67616100005174dc9dcb7e4a97b4552e1224d6,320,160,https://i.scdn.co/image/ab6761610000f178dc9dcb7e4a97b4552e1224d6,160,userProfileDataLongArtists
[],https://open.spotify.com/artist/66CXWjxzNUsdJxJ2JdwvnR,94915283,66CXWjxzNUsdJxJ2JdwvnR,Ariana Grande,92,artist,spotify:artist:66CXWjxzNUsdJxJ2JdwvnR,pop,Long_term,Taylor Swift,640,https://i.scdn.co/image/ab6761610000e5eb40b5c07ab77b6b1a9075fdc0,640,320,https://i.scdn.co/image/ab6761610000517440b5c07ab77b6b1a9075fdc0,320,160,https://i.scdn.co/image/ab6761610000f17840b5c07ab77b6b1a9075fdc0,160,userProfileDataLongArtists
[],https://open.spotify.com/artist/6KImCVD70vtIoJWnq6nGn3,31400064,6KImCVD70vtIoJWnq6nGn3,Harry Styles,84,artist,spotify:artist:6KImCVD70vtIoJWnq6nGn3,pop,Long_term,Taylor Swift,640,https://i.scdn.co/image/ab6761610000e5ebf7db7c8ede90a019c54590bb,640,320,https://i.scdn.co/image/ab67616100005174f7db7c8ede90a019c54590bb,320,160,https://i.scdn.co/image/ab6761610000f178f7db7c8ede90a019c54590bb,160,userProfileDataLongArtists
[],https://open.spotify.com/artist/3GBPw9NK25X1Wt2OUvOwY3,3696322,3GBPw9NK25X1Wt2OUvOwY3,Jack Johnson,75,artist,spotify:artist:3GBPw9NK25X1Wt2OUvOwY3,neo mellow,Long_term,John Mayer,640,https://i.scdn.co/image/ab6761610000e5eb9555a0b3231117c8cde1fca7,640,320,https://i.scdn.co/image/ab676161000051749555a0b3231117c8cde1fca7,320,160,https://i.scdn.co/image/ab6761610000f1789555a0b3231117c8cde1fca7,160,userProfileDataLongArtists
[],https://open.spotify.com/artist/4phGZZrJZRo4ElhRtViYdl,7083085,4phGZZrJZRo4ElhRtViYdl,Jason Mraz,72,artist,spotify:artist:4phGZZrJZRo4ElhRtViYdl,"acoustic pop, dance pop, neo mellow, pop",Long_term,John Mayer,640,https://i.scdn.co/image/ab6761610000e5ebc3b370fc26c83312db52af14,640,320,https://i.scdn.co/image/ab67616100005174c3b370fc26c83312db52af14,320,160,https://i.scdn.co/image/ab6761610000f178c3b370fc26c83312db52af14,160,userProfileDataLongArtists
[],https://open.spotify.com/artist/5DYAABs8rkY9VhwtENoQCz,1248536,5DYAABs8rkY9VhwtENoQCz,Gavin DeGraw,60,artist,spotify:artist:5DYAABs8rkY9VhwtENoQCz,"neo mellow, pop rock",Long_term,John Mayer,640,https://i.scdn.co/image/ab6761610000e5eba79c060a14915e9c2e1b4518,640,320,https://i.scdn.co/image/ab67616100005174a79c060a14915e9c2e1b4518,320,160,https://i.scdn.co/image/ab6761610000f178a79c060a14915e9c2e1b4518,160,userProfileDataLongArtists
[],https://open.spotify.com/artist/68xuC1qXRhCUvGd4SSM655,128858,68xuC1qXRhCUvGd4SSM655,John Mayer Trio,0,artist,spotify:artist:68xuC1qXRhCUvGd4SSM655,modern blues,Long_term,John Mayer,640,https://i.scdn.co/image/ab67616d0000b2732c044b0dec365f990af906ad,640,300,https://i.scdn.co/image/ab67616d00001e022c044b0dec365f990af906ad,300,64,https://i.scdn.co/image/ab67616d000048512c044b0dec365f990af906ad,64,userProfileDataLongArtists
[],https://open.spotify.com/artist/6aZyMrc4doVtZyKNilOmwu,2457239,6aZyMrc4doVtZyKNilOmwu,Colbie Caillat,67,artist,spotify:artist:6aZyMrc4doVtZyKNilOmwu,"dance pop, neo mellow, pop",Long_term,John Mayer,640,https://i.scdn.co/image/ab6761610000e5eb08635ff0ed30023d2ee764a1,640,320,https://i.scdn.co/image/ab6761610000517408635ff0ed30023d2ee764a1,320,160,https://i.scdn.co/image/ab6761610000f17808635ff0ed30023d2ee764a1,160,userProfileDataLongArtists
[],https://open.spotify.com/artist/3win9vGIxFfBRag9S63wwf,988804,3win9vGIxFfBRag9S63wwf,Bailey Zimmerman,74,artist,spotify:artist:3win9vGIxFfBRag9S63wwf,"contemporary country, modern country pop",Long_term,Morgan Wallen,640,https://i.scdn.co/image/ab6761610000e5ebed36422f0f4ab7564fd0a2d6,640,320,https://i.scdn.co/image/ab67616100005174ed36422f0f4ab7564fd0a2d6,320,160,https://i.scdn.co/image/ab6761610000f178ed36422f0f4ab7564fd0a2d6,160,userProfileDataLongArtists
[],https://open.spotify.com/artist/5QNm7E7RU2m64l6Gliu8Oy,791152,5QNm7E7RU2m64l6Gliu8Oy,HARDY,73,artist,spotify:artist:5QNm7E7RU2m64l6Gliu8Oy,"contemporary country, modern country pop",Long_term,Morgan Wallen,640,https://i.scdn.co/image/ab6761610000e5eb2d272d590f12c1b594ef7aca,640,320,https://i.scdn.co/image/ab676161000051742d272d590f12c1b594ef7aca,320,160,https://i.scdn.co/image/ab6761610000f1782d272d590f12c1b594ef7aca,160,userProfileDataLongArtists
[],https://open.spotify.com/artist/718COspgdWOnwOFpJHRZHS,10115899,718COspgdWOnwOFpJHRZHS,Luke Combs,83,artist,spotify:artist:718COspgdWOnwOFpJHRZHS,"contemporary country, country",Long_term,Morgan Wallen,640,https://i.scdn.co/image/ab6761610000e5eb5db6179b28f7e3654898b279,640,320,https://i.scdn.co/image/ab676161000051745db6179b28f7e3654898b279,320,160,https://i.scdn.co/image/ab6761610000f1785db6179b28f7e3654898b279,160,userProfileDataLongArtists
[],https://open.spotify.com/artist/77kULmXAQ6vWer7IIHdGzI,1171876,77kULmXAQ6vWer7IIHdGzI,Jordan Davis,73,artist,spotify:artist:77kULmXAQ6vWer7IIHdGzI,contemporary country,Long_term,Morgan Wallen,640,https://i.scdn.co/image/ab6761610000e5eb2ed3943e39c47fa8bb10fb53,640,320,https://i.scdn.co/image/ab676161000051742ed3943e39c47fa8bb10fb53,320,160,https://i.scdn.co/image/ab6761610000f1782ed3943e39c47fa8bb10fb53,160,userProfileDataLongArtists
[],https://open.spotify.com/artist/4MoAOfV4ROWofLG3a3hhBN,1914645,4MoAOfV4ROWofLG3a3hhBN,Jon Pardi,73,artist,spotify:artist:4MoAOfV4ROWofLG3a3hhBN,"contemporary country, country, country road, modern country rock",Long_term,Morgan Wallen,640,https://i.scdn.co/image/ab6761610000e5eb9ab434ef1b8d8aff5fce625d,640,320,https://i.scdn.co/image/ab676161000051749ab434ef1b8d8aff5fce625d,320,160,https://i.scdn.co/image/ab6761610000f1789ab434ef1b8d8aff5fce625d,160,userProfileDataLongArtists
[],https://open.spotify.com/artist/7nU4hB040gTmHm45YYMvqc,4607323,7nU4hB040gTmHm45YYMvqc,Hannah Montana,62,artist,spotify:artist:7nU4hB040gTmHm45YYMvqc,"pop, post-teen pop",Long_term,Miley Cyrus,640,https://i.scdn.co/image/ab6761610000e5eb6c851c42d7b31d0ad93d4b94,640,320,https://i.scdn.co/image/ab676161000051746c851c42d7b31d0ad93d4b94,320,160,https://i.scdn.co/image/ab6761610000f1786c851c42d7b31d0ad93d4b94,160,userProfileDataLongArtists
[],https://open.spotify.com/artist/6S2OmqARrzebs0tKUEyXyp,26046727,6S2OmqARrzebs0tKUEyXyp,Demi Lovato,77,artist,spotify:artist:6S2OmqARrzebs0tKUEyXyp,"pop, post-teen pop",Long_term,Miley Cyrus,640,https://i.scdn.co/image/ab6761610000e5ebcf674ecb51186e6408cd18c0,640,320,https://i.scdn.co/image/ab67616100005174cf674ecb51186e6408cd18c0,320,160,https://i.scdn.co/image/ab6761610000f178cf674ecb51186e6408cd18c0,160,userProfileDataLongArtists
[],https://open.spotify.com/artist/6LqNN22kT3074XbTVUrhzX,7656318,6LqNN22kT3074XbTVUrhzX,Kesha,77,artist,spotify:artist:6LqNN22kT3074XbTVUrhzX,"dance pop, pop",Long_term,Miley Cyrus,640,https://i.scdn.co/image/ab6761610000e5eb8e32655d5ee8021c812b0f74,640,320,https://i.scdn.co/image/ab676161000051748e32655d5ee8021c812b0f74,320,160,https://i.scdn.co/image/ab6761610000f1788e32655d5ee8021c812b0f74,160,userProfileDataLongArtists
[],https://open.spotify.com/artist/26dSoYclwsYLMAKD3tpOr4,13883020,26dSoYclwsYLMAKD3tpOr4,Britney Spears,80,artist,spotify:artist:26dSoYclwsYLMAKD3tpOr4,"dance pop, pop",Long_term,Miley Cyrus,640,https://i.scdn.co/image/ab6761610000e5eb3a49b0a3954e460a8a76ed90,640,320,https://i.scdn.co/image/ab676161000051743a49b0a3954e460a8a76ed90,320,160,https://i.scdn.co/image/ab6761610000f1783a49b0a3954e460a8a76ed90,160,userProfileDataLongArtists
[],https://open.spotify.com/artist/0p4nmQO2msCgU4IF37Wi3j,10597192,0p4nmQO2msCgU4IF37Wi3j,Avril Lavigne,75,artist,spotify:artist:0p4nmQO2msCgU4IF37Wi3j,"canadian pop, candy pop, dance pop, pop",Long_term,Miley Cyrus,640,https://i.scdn.co/image/ab6761610000e5eb581efa688945cbb092df1726,640,320,https://i.scdn.co/image/ab67616100005174581efa688945cbb092df1726,320,160,https://i.scdn.co/image/ab6761610000f178581efa688945cbb092df1726,160,userProfileDataLongArtists
[],https://open.spotify.com/artist/694QW15WkebjcrWgQHzRYF,947070,694QW15WkebjcrWgQHzRYF,Everclear,57,artist,spotify:artist:694QW15WkebjcrWgQHzRYF,"alternative metal, alternative rock, nu metal, permanent wave, pop rock, post-grunge",Long_term,Third Eye Blind,640,https://i.scdn.co/image/ab6761610000e5eb4b2f039f936f88e047163c9d,640,320,https://i.scdn.co/image/ab676161000051744b2f039f936f88e047163c9d,320,160,https://i.scdn.co/image/ab6761610000f1784b2f039f936f88e047163c9d,160,userProfileDataLongArtists
[],https://open.spotify.com/artist/4Eqd24yS5YcxI8b6Xfuwr8,429709,4Eqd24yS5YcxI8b6Xfuwr8,Eve 6,51,artist,spotify:artist:4Eqd24yS5YcxI8b6Xfuwr8,"alternative metal, pop rock, post-grunge",Long_term,Third Eye Blind,640,https://i.scdn.co/image/ab6761610000e5ebaac60f5863d2df0b1425955a,640,320,https://i.scdn.co/image/ab67616100005174aac60f5863d2df0b1425955a,320,160,https://i.scdn.co/image/ab6761610000f178aac60f5863d2df0b1425955a,160,userProfileDataLongArtists
[],https://open.spotify.com/artist/4uN3DsfENc7dp0OLO0FEIb,941011,4uN3DsfENc7dp0OLO0FEIb,Sugar Ray,58,artist,spotify:artist:4uN3DsfENc7dp0OLO0FEIb,"alternative metal, funk metal, pop rock, post-grunge",Long_term,Third Eye Blind,640,https://i.scdn.co/image/ab6761610000e5ebff43c5735517a662439d0afe,640,320,https://i.scdn.co/image/ab67616100005174ff43c5735517a662439d0afe,320,160,https://i.scdn.co/image/ab6761610000f178ff43c5735517a662439d0afe,160,userProfileDataLongArtists
[],https://open.spotify.com/artist/6kXp61QMZFPcKMcRPqoiVj,658597,6kXp61QMZFPcKMcRPqoiVj,Gin Blossoms,55,artist,spotify:artist:6kXp61QMZFPcKMcRPqoiVj,"permanent wave, pop rock, post-grunge, tempe indie",Long_term,Third Eye Blind,640,https://i.scdn.co/image/ab6761610000e5eb5c0f1358900eef3ae120f159,640,320,https://i.scdn.co/image/ab676161000051745c0f1358900eef3ae120f159,320,160,https://i.scdn.co/image/ab6761610000f1785c0f1358900eef3ae120f159,160,userProfileDataLongArtists
[],https://open.spotify.com/artist/242iqFnwNhlidVBMI9GYKp,350766,242iqFnwNhlidVBMI9GYKp,The Verve Pipe,44,artist,spotify:artist:242iqFnwNhlidVBMI9GYKp,"pop rock, post-grunge",Long_term,Third Eye Blind,640,https://i.scdn.co/image/ab6761610000e5eba91b1b17434138adf2ad7981,640,320,https://i.scdn.co/image/ab67616100005174a91b1b17434138adf2ad7981,320,160,https://i.scdn.co/image/ab6761610000f178a91b1b17434138adf2ad7981,160,userProfileDataLongArtists
[],https://open.spotify.com/artist/6WY7D3jk8zTrHtmkqqo5GI,786756,6WY7D3jk8zTrHtmkqqo5GI,Maren Morris,69,artist,spotify:artist:6WY7D3jk8zTrHtmkqqo5GI,"classic texas country, contemporary country",Long_term,Kacey Musgraves,640,https://i.scdn.co/image/ab6761610000e5ebcfbf5314f6d5ff5e516534b9,640,320,https://i.scdn.co/image/ab67616100005174cfbf5314f6d5ff5e516534b9,320,160,https://i.scdn.co/image/ab6761610000f178cfbf5314f6d5ff5e516534b9,160,userProfileDataLongArtists
[],https://open.spotify.com/artist/4NZvixzsSefsNiIqXn0NDe,1046103,4NZvixzsSefsNiIqXn0NDe,Maggie Rogers,70,artist,spotify:artist:4NZvixzsSefsNiIqXn0NDe,indie pop,Long_term,Kacey Musgraves,640,https://i.scdn.co/image/ab6761610000e5eb874c6e61680379852093994c,640,320,https://i.scdn.co/image/ab67616100005174874c6e61680379852093994c,320,160,https://i.scdn.co/image/ab6761610000f178874c6e61680379852093994c,160,userProfileDataLongArtists
[],https://open.spotify.com/artist/3RqBeV12Tt7A8xH3zBDDUF,1126192,3RqBeV12Tt7A8xH3zBDDUF,Kelsea Ballerini,68,artist,spotify:artist:3RqBeV12Tt7A8xH3zBDDUF,"contemporary country, country",Long_term,Kacey Musgraves,640,https://i.scdn.co/image/ab6761610000e5eb36ae8a2a4ffc94337a2d3b7b,640,320,https://i.scdn.co/image/ab6761610000517436ae8a2a4ffc94337a2d3b7b,320,160,https://i.scdn.co/image/ab6761610000f17836ae8a2a4ffc94337a2d3b7b,160,userProfileDataLongArtists
[],https://open.spotify.com/artist/2wSgVsgLUZeDJwoLcPO7ny,617667,2wSgVsgLUZeDJwoLcPO7ny,Pistol Annies,51,artist,spotify:artist:2wSgVsgLUZeDJwoLcPO7ny,"contemporary country, country, country dawn, country road",Long_term,Kacey Musgraves,640,https://i.scdn.co/image/ab6761610000e5eba49f810f23950f5084894dc5,640,320,https://i.scdn.co/image/ab67616100005174a49f810f23950f5084894dc5,320,160,https://i.scdn.co/image/ab6761610000f178a49f810f23950f5084894dc5,160,userProfileDataLongArtists
[],https://open.spotify.com/artist/5WRElKaZsn1tGnrgmJVAeO,279421,5WRElKaZsn1tGnrgmJVAeO,Cam,51,artist,spotify:artist:5WRElKaZsn1tGnrgmJVAeO,"contemporary country, modern country rock",Long_term,Kacey Musgraves,640,https://i.scdn.co/image/ab6761610000e5eb912d06725ca36eb9d8d957fd,640,320,https://i.scdn.co/image/ab67616100005174912d06725ca36eb9d8d957fd,320,160,https://i.scdn.co/image/ab6761610000f178912d06725ca36eb9d8d957fd,160,userProfileDataLongArtists
[],https://open.spotify.com/artist/66lH4jAE7pqPlOlzUKbwA0,3516553,66lH4jAE7pqPlOlzUKbwA0,Miranda Lambert,68,artist,spotify:artist:66lH4jAE7pqPlOlzUKbwA0,"contemporary country, country, country dawn, country road",Long_term,Carrie Underwood,640,https://i.scdn.co/image/ab6761610000e5eb65a893418ccd0bd69f06cfef,640,320,https://i.scdn.co/image/ab6761610000517465a893418ccd0bd69f06cfef,320,160,https://i.scdn.co/image/ab6761610000f17865a893418ccd0bd69f06cfef,160,userProfileDataLongArtists
[],https://open.spotify.com/artist/0hYxQe3AK5jBPCr5MumLHD,1874457,0hYxQe3AK5jBPCr5MumLHD,Sugarland,55,artist,spotify:artist:0hYxQe3AK5jBPCr5MumLHD,"contemporary country, country, country dawn, country road",Long_term,Carrie Underwood,640,https://i.scdn.co/image/ab6761610000e5ebed9c4a676ace03ebf1f8a35f,640,320,https://i.scdn.co/image/ab67616100005174ed9c4a676ace03ebf1f8a35f,320,160,https://i.scdn.co/image/ab6761610000f178ed9c4a676ace03ebf1f8a35f,160,userProfileDataLongArtists
[],https://open.spotify.com/artist/021hNAnkFIbyFyL97br6NB,888818,021hNAnkFIbyFyL97br6NB,Kellie Pickler,40,artist,spotify:artist:021hNAnkFIbyFyL97br6NB,"contemporary country, country, country dawn, country road",Long_term,Carrie Underwood,1500,https://i.scdn.co/image/83cdca46da848b674babcc05a0f0e1827a45796a,1000,960,https://i.scdn.co/image/2f457698f6fa2342349e539f280a8da72c0d773d,640,300,https://i.scdn.co/image/c8ce7c537e803b5a196aa5c4fec4ab3ccd566806,200,userProfileDataLongArtists
[],https://open.spotify.com/artist/3CygdxquGHurS7f9LjNLkv,2730035,3CygdxquGHurS7f9LjNLkv,Little Big Town,61,artist,spotify:artist:3CygdxquGHurS7f9LjNLkv,"contemporary country, country, country dawn, country road",Long_term,Carrie Underwood,640,https://i.scdn.co/image/ab6761610000e5ebbd6b8625807df07fc711dd77,640,320,https://i.scdn.co/image/ab67616100005174bd6b8625807df07fc711dd77,320,160,https://i.scdn.co/image/ab6761610000f178bd6b8625807df07fc711dd77,160,userProfileDataLongArtists
[],https://open.spotify.com/artist/75FnCoo4FBxH5K1Rrx0k5A,1564254,75FnCoo4FBxH5K1Rrx0k5A,The Band Perry,55,artist,spotify:artist:75FnCoo4FBxH5K1Rrx0k5A,"contemporary country, country, country dawn, country road",Long_term,Carrie Underwood,640,https://i.scdn.co/image/ab6761610000e5eb173d4b457016fe0727a7e50d,640,320,https://i.scdn.co/image/ab67616100005174173d4b457016fe0727a7e50d,320,160,https://i.scdn.co/image/ab6761610000f178173d4b457016fe0727a7e50d,160,userProfileDataLongArtists
[],https://open.spotify.com/artist/6vWDO969PvNqNYHIOW5v0m,36572946,6vWDO969PvNqNYHIOW5v0m,BeyoncÃ©,87,artist,spotify:artist:6vWDO969PvNqNYHIOW5v0m,"pop, r&b",Long_term,Rihanna,640,https://i.scdn.co/image/ab6761610000e5eb2b7962ada66cbea99dcb0caa,640,320,https://i.scdn.co/image/ab676161000051742b7962ada66cbea99dcb0caa,320,160,https://i.scdn.co/image/ab6761610000f1782b7962ada66cbea99dcb0caa,160,userProfileDataLongArtists
[],https://open.spotify.com/artist/0hCNtLu0JehylgoiP8L4Gh,30486106,0hCNtLu0JehylgoiP8L4Gh,Nicki Minaj,87,artist,spotify:artist:0hCNtLu0JehylgoiP8L4Gh,"hip pop, pop, queens hip hop, rap",Long_term,Rihanna,640,https://i.scdn.co/image/ab6761610000e5eb07a50f0a9a8f11e5a1102cbd,640,320,https://i.scdn.co/image/ab6761610000517407a50f0a9a8f11e5a1102cbd,320,160,https://i.scdn.co/image/ab6761610000f17807a50f0a9a8f11e5a1102cbd,160,userProfileDataLongArtists
[],https://open.spotify.com/artist/2DlGxzQSjYe5N6G9nkYghR,12599025,2DlGxzQSjYe5N6G9nkYghR,Jennifer Lopez,75,artist,spotify:artist:2DlGxzQSjYe5N6G9nkYghR,"dance pop, pop, urban contemporary",Long_term,Rihanna,640,https://i.scdn.co/image/ab6761610000e5ebaa483617f45b0652c0dbc238,640,320,https://i.scdn.co/image/ab67616100005174aa483617f45b0652c0dbc238,320,160,https://i.scdn.co/image/ab6761610000f178aa483617f45b0652c0dbc238,160,userProfileDataLongArtists
[],https://open.spotify.com/artist/26dSoYclwsYLMAKD3tpOr4,13883020,26dSoYclwsYLMAKD3tpOr4,Britney Spears,80,artist,spotify:artist:26dSoYclwsYLMAKD3tpOr4,"dance pop, pop",Long_term,Rihanna,640,https://i.scdn.co/image/ab6761610000e5eb3a49b0a3954e460a8a76ed90,640,320,https://i.scdn.co/image/ab676161000051743a49b0a3954e460a8a76ed90,320,160,https://i.scdn.co/image/ab6761610000f1783a49b0a3954e460a8a76ed90,160,userProfileDataLongArtists
[],https://open.spotify.com/artist/4kYSro6naA4h99UJvo89HB,23256780,4kYSro6naA4h99UJvo89HB,Cardi B,79,artist,spotify:artist:4kYSro6naA4h99UJvo89HB,"pop, rap",Long_term,Rihanna,640,https://i.scdn.co/image/ab6761610000e5ebcb20fdd7386ecab9d34d0e71,640,320,https://i.scdn.co/image/ab67616100005174cb20fdd7386ecab9d34d0e71,320,160,https://i.scdn.co/image/ab6761610000f178cb20fdd7386ecab9d34d0e71,160,userProfileDataLongArtists
[],https://open.spotify.com/artist/4Y8LpEiP4uKTP02lSYEWJV,70129,4Y8LpEiP4uKTP02lSYEWJV,HIXTAPE,61,artist,spotify:artist:4Y8LpEiP4uKTP02lSYEWJV,modern country pop,Long_term,HARDY,640,https://i.scdn.co/image/ab6761610000e5eb9e63dff4d3fef491b5230155,640,320,https://i.scdn.co/image/ab676161000051749e63dff4d3fef491b5230155,320,160,https://i.scdn.co/image/ab6761610000f1789e63dff4d3fef491b5230155,160,userProfileDataLongArtists
[],https://open.spotify.com/artist/4GGfAshSkqoxpZdoaHm7ky,130241,4GGfAshSkqoxpZdoaHm7ky,ERNEST,66,artist,spotify:artist:4GGfAshSkqoxpZdoaHm7ky,modern country pop,Long_term,HARDY,640,https://i.scdn.co/image/ab6761610000e5ebf857b29e09b6ce6822bd5b63,640,320,https://i.scdn.co/image/ab67616100005174f857b29e09b6ce6822bd5b63,320,160,https://i.scdn.co/image/ab6761610000f178f857b29e09b6ce6822bd5b63,160,userProfileDataLongArtists
[],https://open.spotify.com/artist/3win9vGIxFfBRag9S63wwf,988804,3win9vGIxFfBRag9S63wwf,Bailey Zimmerman,74,artist,spotify:artist:3win9vGIxFfBRag9S63wwf,"contemporary country, modern country pop",Long_term,HARDY,640,https://i.scdn.co/image/ab6761610000e5ebed36422f0f4ab7564fd0a2d6,640,320,https://i.scdn.co/image/ab67616100005174ed36422f0f4ab7564fd0a2d6,320,160,https://i.scdn.co/image/ab6761610000f178ed36422f0f4ab7564fd0a2d6,160,userProfileDataLongArtists
[],https://open.spotify.com/artist/6tPHARSq45lQ8BSALCfkFC,579899,6tPHARSq45lQ8BSALCfkFC,Lainey Wilson,71,artist,spotify:artist:6tPHARSq45lQ8BSALCfkFC,"contemporary country, modern country pop",Long_term,HARDY,640,https://i.scdn.co/image/ab6761610000e5eb9ab86842924df2171e5c38cf,640,320,https://i.scdn.co/image/ab676161000051749ab86842924df2171e5c38cf,320,160,https://i.scdn.co/image/ab6761610000f1789ab86842924df2171e5c38cf,160,userProfileDataLongArtists
[],https://open.spotify.com/artist/7HTLVyjNf0VRxfIgNcfRRH,235396,7HTLVyjNf0VRxfIgNcfRRH,Chase Matthew,64,artist,spotify:artist:7HTLVyjNf0VRxfIgNcfRRH,modern country pop,Long_term,HARDY,640,https://i.scdn.co/image/ab6761610000e5eb28d6caf7d25987758a57a4e9,640,320,https://i.scdn.co/image/ab6761610000517428d6caf7d25987758a57a4e9,320,160,https://i.scdn.co/image/ab6761610000f17828d6caf7d25987758a57a4e9,160,userProfileDataLongArtists
[],https://open.spotify.com/artist/1Y8cdNmUJH7yBTd9yOvr5i,6947858,1Y8cdNmUJH7yBTd9yOvr5i,Destiny's Child,71,artist,spotify:artist:1Y8cdNmUJH7yBTd9yOvr5i,"dance pop, girl group, pop, r&b, urban contemporary",Long_term,BeyoncÃ©,640,https://i.scdn.co/image/ab6761610000e5ebf75e64532704bd6acf0b4e76,640,320,https://i.scdn.co/image/ab67616100005174f75e64532704bd6acf0b4e76,320,160,https://i.scdn.co/image/ab6761610000f178f75e64532704bd6acf0b4e76,160,userProfileDataLongArtists
[],https://open.spotify.com/artist/3DiDSECUqqY1AuBP8qtaIa,11380703,3DiDSECUqqY1AuBP8qtaIa,Alicia Keys,78,artist,spotify:artist:3DiDSECUqqY1AuBP8qtaIa,"neo soul, pop, r&b",Long_term,BeyoncÃ©,640,https://i.scdn.co/image/ab6761610000e5ebebfd16a3bca87c31c1e20576,640,320,https://i.scdn.co/image/ab67616100005174ebfd16a3bca87c31c1e20576,320,160,https://i.scdn.co/image/ab6761610000f178ebfd16a3bca87c31c1e20576,160,userProfileDataLongArtists
[],https://open.spotify.com/artist/2DlGxzQSjYe5N6G9nkYghR,12599025,2DlGxzQSjYe5N6G9nkYghR,Jennifer Lopez,75,artist,spotify:artist:2DlGxzQSjYe5N6G9nkYghR,"dance pop, pop, urban contemporary",Long_term,BeyoncÃ©,640,https://i.scdn.co/image/ab6761610000e5ebaa483617f45b0652c0dbc238,640,320,https://i.scdn.co/image/ab67616100005174aa483617f45b0652c0dbc238,320,160,https://i.scdn.co/image/ab6761610000f178aa483617f45b0652c0dbc238,160,userProfileDataLongArtists
[],https://open.spotify.com/artist/5pKCCKE2ajJHZ9KAiaK11H,58608009,5pKCCKE2ajJHZ9KAiaK11H,Rihanna,90,artist,spotify:artist:5pKCCKE2ajJHZ9KAiaK11H,"barbadian pop, pop, urban contemporary",Long_term,BeyoncÃ©,640,https://i.scdn.co/image/ab6761610000e5eb99e4fca7c0b7cb166d915789,640,320,https://i.scdn.co/image/ab6761610000517499e4fca7c0b7cb166d915789,320,160,https://i.scdn.co/image/ab6761610000f17899e4fca7c0b7cb166d915789,160,userProfileDataLongArtists
[],https://open.spotify.com/artist/0hCNtLu0JehylgoiP8L4Gh,30486106,0hCNtLu0JehylgoiP8L4Gh,Nicki Minaj,87,artist,spotify:artist:0hCNtLu0JehylgoiP8L4Gh,"hip pop, pop, queens hip hop, rap",Long_term,BeyoncÃ©,640,https://i.scdn.co/image/ab6761610000e5eb07a50f0a9a8f11e5a1102cbd,640,320,https://i.scdn.co/image/ab6761610000517407a50f0a9a8f11e5a1102cbd,320,160,https://i.scdn.co/image/ab6761610000f17807a50f0a9a8f11e5a1102cbd,160,userProfileDataLongArtists
[],https://open.spotify.com/artist/26dSoYclwsYLMAKD3tpOr4,13883020,26dSoYclwsYLMAKD3tpOr4,Britney Spears,80,artist,spotify:artist:26dSoYclwsYLMAKD3tpOr4,"dance pop, pop",Long_term,Lady Gaga,640,https://i.scdn.co/image/ab6761610000e5eb3a49b0a3954e460a8a76ed90,640,320,https://i.scdn.co/image/ab676161000051743a49b0a3954e460a8a76ed90,320,160,https://i.scdn.co/image/ab6761610000f1783a49b0a3954e460a8a76ed90,160,userProfileDataLongArtists
[],https://open.spotify.com/artist/6jJ0s89eD6GaHleKKya26X,31921822,6jJ0s89eD6GaHleKKya26X,Katy Perry,84,artist,spotify:artist:6jJ0s89eD6GaHleKKya26X,pop,Long_term,Lady Gaga,640,https://i.scdn.co/image/ab6761610000e5ebdc9dcb7e4a97b4552e1224d6,640,320,https://i.scdn.co/image/ab67616100005174dc9dcb7e4a97b4552e1224d6,320,160,https://i.scdn.co/image/ab6761610000f178dc9dcb7e4a97b4552e1224d6,160,userProfileDataLongArtists
[],https://open.spotify.com/artist/6LqNN22kT3074XbTVUrhzX,7656318,6LqNN22kT3074XbTVUrhzX,Kesha,77,artist,spotify:artist:6LqNN22kT3074XbTVUrhzX,"dance pop, pop",Long_term,Lady Gaga,640,https://i.scdn.co/image/ab6761610000e5eb8e32655d5ee8021c812b0f74,640,320,https://i.scdn.co/image/ab676161000051748e32655d5ee8021c812b0f74,320,160,https://i.scdn.co/image/ab6761610000f1788e32655d5ee8021c812b0f74,160,userProfileDataLongArtists
[],https://open.spotify.com/artist/1KCSPY1glIKqW2TotWuXOR,16267184,1KCSPY1glIKqW2TotWuXOR,P!nk,81,artist,spotify:artist:1KCSPY1glIKqW2TotWuXOR,"dance pop, pop",Long_term,Lady Gaga,640,https://i.scdn.co/image/ab6761610000e5eb7bbad89a61061304ec842588,640,320,https://i.scdn.co/image/ab676161000051747bbad89a61061304ec842588,320,160,https://i.scdn.co/image/ab6761610000f1787bbad89a61061304ec842588,160,userProfileDataLongArtists
[],https://open.spotify.com/artist/1l7ZsJRRS8wlW3WfJfPfNS,7994752,1l7ZsJRRS8wlW3WfJfPfNS,Christina Aguilera,77,artist,spotify:artist:1l7ZsJRRS8wlW3WfJfPfNS,"dance pop, pop",Long_term,Lady Gaga,640,https://i.scdn.co/image/ab6761610000e5eb371cba21c6962a457c550b81,640,320,https://i.scdn.co/image/ab67616100005174371cba21c6962a457c550b81,320,160,https://i.scdn.co/image/ab6761610000f178371cba21c6962a457c550b81,160,userProfileDataLongArtists
[],https://open.spotify.com/artist/4nDoRrQiYLoBzwC5BhVJzF,32304383,4nDoRrQiYLoBzwC5BhVJzF,Camila Cabello,79,artist,spotify:artist:4nDoRrQiYLoBzwC5BhVJzF,"dance pop, pop",Long_term,Dua Lipa,640,https://i.scdn.co/image/ab6761610000e5ebec05963eab63676a539fef13,640,320,https://i.scdn.co/image/ab67616100005174ec05963eab63676a539fef13,320,160,https://i.scdn.co/image/ab6761610000f178ec05963eab63676a539fef13,160,userProfileDataLongArtists
[],https://open.spotify.com/artist/64M6ah0SkkRsnPGtGiRAbb,8872890,64M6ah0SkkRsnPGtGiRAbb,Bebe Rexha,79,artist,spotify:artist:64M6ah0SkkRsnPGtGiRAbb,"dance pop, pop",Long_term,Dua Lipa,640,https://i.scdn.co/image/ab6761610000e5ebc692afc666512dc946a7358f,640,320,https://i.scdn.co/image/ab67616100005174c692afc666512dc946a7358f,320,160,https://i.scdn.co/image/ab6761610000f178c692afc666512dc946a7358f,160,userProfileDataLongArtists
[],https://open.spotify.com/artist/1zNqDE7qDGCsyzJwohVaoX,11613737,1zNqDE7qDGCsyzJwohVaoX,Anne-Marie,78,artist,spotify:artist:1zNqDE7qDGCsyzJwohVaoX,pop,Long_term,Dua Lipa,640,https://i.scdn.co/image/ab6761610000e5eb67013e289b84440ce3d1c88e,640,320,https://i.scdn.co/image/ab6761610000517467013e289b84440ce3d1c88e,320,160,https://i.scdn.co/image/ab6761610000f17867013e289b84440ce3d1c88e,160,userProfileDataLongArtists
[],https://open.spotify.com/artist/4npEfmQ6YuiwW1GpUmaq3F,6587117,4npEfmQ6YuiwW1GpUmaq3F,Ava Max,79,artist,spotify:artist:4npEfmQ6YuiwW1GpUmaq3F,pop,Long_term,Dua Lipa,640,https://i.scdn.co/image/ab6761610000e5eb25806739a86070d817a9588d,640,320,https://i.scdn.co/image/ab6761610000517425806739a86070d817a9588d,320,160,https://i.scdn.co/image/ab6761610000f17825806739a86070d817a9588d,160,userProfileDataLongArtists
[],https://open.spotify.com/artist/0C8ZW7ezQVs4URX5aX7Kqx,48190679,0C8ZW7ezQVs4URX5aX7Kqx,Selena Gomez,82,artist,spotify:artist:0C8ZW7ezQVs4URX5aX7Kqx,"pop, post-teen pop",Long_term,Dua Lipa,640,https://i.scdn.co/image/ab6761610000e5ebc3c753851496854e29abff7a,640,320,https://i.scdn.co/image/ab67616100005174c3c753851496854e29abff7a,320,160,https://i.scdn.co/image/ab6761610000f178c3c753851496854e29abff7a,160,userProfileDataLongArtists
[],https://open.spotify.com/artist/3e7awlrlDSwF3iM0WBjGMp,11727643,3e7awlrlDSwF3iM0WBjGMp,Little Mix,74,artist,spotify:artist:3e7awlrlDSwF3iM0WBjGMp,"girl group, pop, talent show, uk pop",Long_term,Fifth Harmony,640,https://i.scdn.co/image/ab6761610000e5eb08cd53940cbf5813ee5fe565,640,320,https://i.scdn.co/image/ab6761610000517408cd53940cbf5813ee5fe565,320,160,https://i.scdn.co/image/ab6761610000f17808cd53940cbf5813ee5fe565,160,userProfileDataLongArtists
[],https://open.spotify.com/artist/64M6ah0SkkRsnPGtGiRAbb,8872890,64M6ah0SkkRsnPGtGiRAbb,Bebe Rexha,79,artist,spotify:artist:64M6ah0SkkRsnPGtGiRAbb,"dance pop, pop",Long_term,Fifth Harmony,640,https://i.scdn.co/image/ab6761610000e5ebc692afc666512dc946a7358f,640,320,https://i.scdn.co/image/ab67616100005174c692afc666512dc946a7358f,320,160,https://i.scdn.co/image/ab6761610000f178c692afc666512dc946a7358f,160,userProfileDataLongArtists
[],https://open.spotify.com/artist/5p7f24Rk5HkUZsaS3BLG5F,8749093,5p7f24Rk5HkUZsaS3BLG5F,Hailee Steinfeld,68,artist,spotify:artist:5p7f24Rk5HkUZsaS3BLG5F,pop,Long_term,Fifth Harmony,640,https://i.scdn.co/image/ab6761610000e5eba961383967f3a3a54e794a15,640,320,https://i.scdn.co/image/ab67616100005174a961383967f3a3a54e794a15,320,160,https://i.scdn.co/image/ab6761610000f178a961383967f3a3a54e794a15,160,userProfileDataLongArtists
[],https://open.spotify.com/artist/6S2OmqARrzebs0tKUEyXyp,26046727,6S2OmqARrzebs0tKUEyXyp,Demi Lovato,77,artist,spotify:artist:6S2OmqARrzebs0tKUEyXyp,"pop, post-teen pop",Long_term,Fifth Harmony,640,https://i.scdn.co/image/ab6761610000e5ebcf674ecb51186e6408cd18c0,640,320,https://i.scdn.co/image/ab67616100005174cf674ecb51186e6408cd18c0,320,160,https://i.scdn.co/image/ab6761610000f178cf674ecb51186e6408cd18c0,160,userProfileDataLongArtists
[],https://open.spotify.com/artist/1Xylc3o4UrD53lo9CvFvVg,10309955,1Xylc3o4UrD53lo9CvFvVg,Zara Larsson,78,artist,spotify:artist:1Xylc3o4UrD53lo9CvFvVg,"pop, scandipop, swedish electropop, swedish pop",Long_term,Fifth Harmony,640,https://i.scdn.co/image/ab6761610000e5eb7619ca2683b434e139040f70,640,320,https://i.scdn.co/image/ab676161000051747619ca2683b434e139040f70,320,160,https://i.scdn.co/image/ab6761610000f1787619ca2683b434e139040f70,160,userProfileDataLongArtists
[],https://open.spotify.com/artist/6fWVd57NKTalqvmjRd2t8Z,2178486,6fWVd57NKTalqvmjRd2t8Z,24kGoldn,69,artist,spotify:artist:6fWVd57NKTalqvmjRd2t8Z,"cali rap, pop rap",Long_term,Lil Nas X,640,https://i.scdn.co/image/ab6761610000e5ebdbe6d377ce63a248c0108605,640,320,https://i.scdn.co/image/ab67616100005174dbe6d377ce63a248c0108605,320,160,https://i.scdn.co/image/ab6761610000f178dbe6d377ce63a248c0108605,160,userProfileDataLongArtists
[],https://open.spotify.com/artist/4r63FhuTkUYltbVAg5TQnk,11710360,4r63FhuTkUYltbVAg5TQnk,DaBaby,79,artist,spotify:artist:4r63FhuTkUYltbVAg5TQnk,"hip hop, north carolina hip hop, pop rap, rap, trap",Long_term,Lil Nas X,640,https://i.scdn.co/image/ab6761610000e5eb0da5cd9354d458143258879a,640,320,https://i.scdn.co/image/ab676161000051740da5cd9354d458143258879a,320,160,https://i.scdn.co/image/ab6761610000f1780da5cd9354d458143258879a,160,userProfileDataLongArtists
[],https://open.spotify.com/artist/2tIP7SsRs7vjIcLrU85W8J,5161215,2tIP7SsRs7vjIcLrU85W8J,The Kid LAROI,79,artist,spotify:artist:2tIP7SsRs7vjIcLrU85W8J,australian hip hop,Long_term,Lil Nas X,640,https://i.scdn.co/image/ab6761610000e5eb393666951ab8b14e9c4ed386,640,320,https://i.scdn.co/image/ab67616100005174393666951ab8b14e9c4ed386,320,160,https://i.scdn.co/image/ab6761610000f178393666951ab8b14e9c4ed386,160,userProfileDataLongArtists
[],https://open.spotify.com/artist/181bsRPaVXVlUKXrxwZfHK,8766829,181bsRPaVXVlUKXrxwZfHK,Megan Thee Stallion,79,artist,spotify:artist:181bsRPaVXVlUKXrxwZfHK,"houston rap, pop, r&b, rap, trap queen",Long_term,Lil Nas X,640,https://i.scdn.co/image/ab6761610000e5eb6fcd1b700654bccf1adee3ed,640,320,https://i.scdn.co/image/ab676161000051746fcd1b700654bccf1adee3ed,320,160,https://i.scdn.co/image/ab6761610000f1786fcd1b700654bccf1adee3ed,160,userProfileDataLongArtists
[],https://open.spotify.com/artist/2LIk90788K0zvyj2JJVwkJ,3629179,2LIk90788K0zvyj2JJVwkJ,Jack Harlow,83,artist,spotify:artist:2LIk90788K0zvyj2JJVwkJ,"deep underground hip hop, kentucky hip hop, pop rap, rap",Long_term,Lil Nas X,640,https://i.scdn.co/image/ab6761610000e5eb2aab40ce03f3fa86163f78bb,640,320,https://i.scdn.co/image/ab676161000051742aab40ce03f3fa86163f78bb,320,160,https://i.scdn.co/image/ab6761610000f1782aab40ce03f3fa86163f78bb,160,userProfileDataLongArtists
[],https://open.spotify.com/artist/6ydoSd3N2mwgwBHtF6K7eX,5482219,6ydoSd3N2mwgwBHtF6K7eX,Calum Scott,75,artist,spotify:artist:6ydoSd3N2mwgwBHtF6K7eX,pop,Long_term,Sam Smith,640,https://i.scdn.co/image/ab6761610000e5ebc0baa35e263ad0010139a6cf,640,320,https://i.scdn.co/image/ab67616100005174c0baa35e263ad0010139a6cf,320,160,https://i.scdn.co/image/ab6761610000f178c0baa35e263ad0010139a6cf,160,userProfileDataLongArtists
[],https://open.spotify.com/artist/5y2Xq6xcjJb2jVM54GHK3t,6615500,5y2Xq6xcjJb2jVM54GHK3t,John Legend,75,artist,spotify:artist:5y2Xq6xcjJb2jVM54GHK3t,"neo soul, pop, pop soul, urban contemporary",Long_term,Sam Smith,640,https://i.scdn.co/image/ab6761610000e5ebba10593e25ec51a3ba4296a0,640,320,https://i.scdn.co/image/ab67616100005174ba10593e25ec51a3ba4296a0,320,160,https://i.scdn.co/image/ab6761610000f178ba10593e25ec51a3ba4296a0,160,userProfileDataLongArtists
[],https://open.spotify.com/artist/6VuMaDnrHyPL1p4EHjYLi7,22120865,6VuMaDnrHyPL1p4EHjYLi7,Charlie Puth,79,artist,spotify:artist:6VuMaDnrHyPL1p4EHjYLi7,"pop, viral pop",Long_term,Sam Smith,640,https://i.scdn.co/image/ab6761610000e5ebf83823555da55fd07555fbd0,640,320,https://i.scdn.co/image/ab67616100005174f83823555da55fd07555fbd0,320,160,https://i.scdn.co/image/ab6761610000f178f83823555da55fd07555fbd0,160,userProfileDataLongArtists
[],https://open.spotify.com/artist/4IWBUUAFIplrNtaOHcJPRM,15914925,4IWBUUAFIplrNtaOHcJPRM,James Arthur,81,artist,spotify:artist:4IWBUUAFIplrNtaOHcJPRM,"pop, talent show, uk pop",Long_term,Sam Smith,640,https://i.scdn.co/image/ab6761610000e5eb2a0c6d0343c82be9dd6fce0b,640,320,https://i.scdn.co/image/ab676161000051742a0c6d0343c82be9dd6fce0b,320,160,https://i.scdn.co/image/ab6761610000f1782a0c6d0343c82be9dd6fce0b,160,userProfileDataLongArtists
[],https://open.spotify.com/artist/0X2BH1fck6amBIoJhDVmmJ,12226285,0X2BH1fck6amBIoJhDVmmJ,Ellie Goulding,78,artist,spotify:artist:0X2BH1fck6amBIoJhDVmmJ,"indietronica, metropopolis, pop, uk pop",Long_term,Sam Smith,640,https://i.scdn.co/image/ab6761610000e5ebc3cd7dc428871e8985d62b9a,640,320,https://i.scdn.co/image/ab67616100005174c3cd7dc428871e8985d62b9a,320,160,https://i.scdn.co/image/ab6761610000f178c3cd7dc428871e8985d62b9a,160,userProfileDataLongArtists
[],https://open.spotify.com/artist/1dID9zgn0OV0Y8ud7Mh2tS,2318826,1dID9zgn0OV0Y8ud7Mh2tS,Dustin Lynch,65,artist,spotify:artist:1dID9zgn0OV0Y8ud7Mh2tS,"contemporary country, country, country road, modern country rock",Long_term,Florida Georgia Line,640,https://i.scdn.co/image/ab6761610000e5ebb6679272b80d06ef8905d61e,640,320,https://i.scdn.co/image/ab67616100005174b6679272b80d06ef8905d61e,320,160,https://i.scdn.co/image/ab6761610000f178b6679272b80d06ef8905d61e,160,userProfileDataLongArtists
[],https://open.spotify.com/artist/6x2LnllRG5uGarZMsD4iO8,4628797,6x2LnllRG5uGarZMsD4iO8,Thomas Rhett,72,artist,spotify:artist:6x2LnllRG5uGarZMsD4iO8,"contemporary country, country, country road, modern country rock",Long_term,Florida Georgia Line,640,https://i.scdn.co/image/ab6761610000e5eb0096cad96e445e8adc22f5e7,640,320,https://i.scdn.co/image/ab676161000051740096cad96e445e8adc22f5e7,320,160,https://i.scdn.co/image/ab6761610000f1780096cad96e445e8adc22f5e7,160,userProfileDataLongArtists
[],https://open.spotify.com/artist/6pBNfggcZZDCmb0p92OnGn,1132477,6pBNfggcZZDCmb0p92OnGn,Chase Rice,59,artist,spotify:artist:6pBNfggcZZDCmb0p92OnGn,"contemporary country, country, country road, modern country rock",Long_term,Florida Georgia Line,640,https://i.scdn.co/image/ab6761610000e5ebf0cc06403ea45bc2803a39f9,640,320,https://i.scdn.co/image/ab67616100005174f0cc06403ea45bc2803a39f9,320,160,https://i.scdn.co/image/ab6761610000f178f0cc06403ea45bc2803a39f9,160,userProfileDataLongArtists
[],https://open.spotify.com/artist/1mfDfLsMxYcOOZkzBxvSVW,2243746,1mfDfLsMxYcOOZkzBxvSVW,Cole Swindell,64,artist,spotify:artist:1mfDfLsMxYcOOZkzBxvSVW,"contemporary country, country, country road, modern country rock",Long_term,Florida Georgia Line,640,https://i.scdn.co/image/ab6761610000e5eb5647293b127a07a7a80e4e8f,640,320,https://i.scdn.co/image/ab676161000051745647293b127a07a7a80e4e8f,320,160,https://i.scdn.co/image/ab6761610000f1785647293b127a07a7a80e4e8f,160,userProfileDataLongArtists
[],https://open.spotify.com/artist/5Zq7R5qmi58ByYyBQTlNuk,2183790,5Zq7R5qmi58ByYyBQTlNuk,Lee Brice,68,artist,spotify:artist:5Zq7R5qmi58ByYyBQTlNuk,"contemporary country, country, country road, modern country rock",Long_term,Florida Georgia Line,640,https://i.scdn.co/image/ab6761610000e5ebdda79571deaba197ad4793e2,640,320,https://i.scdn.co/image/ab67616100005174dda79571deaba197ad4793e2,320,160,https://i.scdn.co/image/ab6761610000f178dda79571deaba197ad4793e2,160,userProfileDataLongArtists
[],https://open.spotify.com/artist/55RI2GNCfyXr0f14uIdhwd,72914,55RI2GNCfyXr0f14uIdhwd,A Thousand Horses,39,artist,spotify:artist:55RI2GNCfyXr0f14uIdhwd,"contemporary country, country pop, country road, modern country rock, modern southern rock",Long_term,The Cadillac Three,640,https://i.scdn.co/image/ab6761610000e5eb7d27ff44405427e6a8f45378,640,320,https://i.scdn.co/image/ab676161000051747d27ff44405427e6a8f45378,320,160,https://i.scdn.co/image/ab6761610000f1787d27ff44405427e6a8f45378,160,userProfileDataLongArtists
[],https://open.spotify.com/artist/69B1gu9EjC0rNb59YYNVPM,159421,69B1gu9EjC0rNb59YYNVPM,The Steel Woods,44,artist,spotify:artist:69B1gu9EjC0rNb59YYNVPM,modern southern rock,Long_term,The Cadillac Three,640,https://i.scdn.co/image/ab6761610000e5eb90b55d8005e57c67e3be9f11,640,320,https://i.scdn.co/image/ab6761610000517490b55d8005e57c67e3be9f11,320,160,https://i.scdn.co/image/ab6761610000f17890b55d8005e57c67e3be9f11,160,userProfileDataLongArtists
[],https://open.spotify.com/artist/5P1oS9DUTPEqcrmXDmX4p8,345123,5P1oS9DUTPEqcrmXDmX4p8,Blackberry Smoke,55,artist,spotify:artist:5P1oS9DUTPEqcrmXDmX4p8,"modern southern rock, southern rock",Long_term,The Cadillac Three,640,https://i.scdn.co/image/ab6761610000e5ebb07d1addf10e18eff048cac1,640,320,https://i.scdn.co/image/ab67616100005174b07d1addf10e18eff048cac1,320,160,https://i.scdn.co/image/ab6761610000f178b07d1addf10e18eff048cac1,160,userProfileDataLongArtists
[],https://open.spotify.com/artist/6n9Ciz68f2aZF98RAdshe6,43511,6n9Ciz68f2aZF98RAdshe6,Them Dirty Roses,49,artist,spotify:artist:6n9Ciz68f2aZF98RAdshe6,modern southern rock,Long_term,The Cadillac Three,640,https://i.scdn.co/image/ab6761610000e5ebadae1f55e3547a77447cdbe6,640,320,https://i.scdn.co/image/ab67616100005174adae1f55e3547a77447cdbe6,320,160,https://i.scdn.co/image/ab6761610000f178adae1f55e3547a77447cdbe6,160,userProfileDataLongArtists
[],https://open.spotify.com/artist/4eNW2w49yCMLXeOwAOWF9b,61582,4eNW2w49yCMLXeOwAOWF9b,The Jompson Brothers,38,artist,spotify:artist:4eNW2w49yCMLXeOwAOWF9b,modern southern rock,Long_term,The Cadillac Three,640,https://i.scdn.co/image/ab6761610000e5eb3c61d4c97a1050b77c5865b0,640,320,https://i.scdn.co/image/ab676161000051743c61d4c97a1050b77c5865b0,320,160,https://i.scdn.co/image/ab6761610000f1783c61d4c97a1050b77c5865b0,160,userProfileDataLongArtists
[],https://open.spotify.com/artist/6pBNfggcZZDCmb0p92OnGn,1132477,6pBNfggcZZDCmb0p92OnGn,Chase Rice,59,artist,spotify:artist:6pBNfggcZZDCmb0p92OnGn,"contemporary country, country, country road, modern country rock",Long_term,Sam Hunt,640,https://i.scdn.co/image/ab6761610000e5ebf0cc06403ea45bc2803a39f9,640,320,https://i.scdn.co/image/ab67616100005174f0cc06403ea45bc2803a39f9,320,160,https://i.scdn.co/image/ab6761610000f178f0cc06403ea45bc2803a39f9,160,userProfileDataLongArtists
[],https://open.spotify.com/artist/6y8XlgIV8BLlIg1tT1R10i,1476030,6y8XlgIV8BLlIg1tT1R10i,Old Dominion,67,artist,spotify:artist:6y8XlgIV8BLlIg1tT1R10i,"contemporary country, country, country road, modern country rock",Long_term,Sam Hunt,640,https://i.scdn.co/image/ab6761610000e5eb0262697c427bdb4509c58c68,640,320,https://i.scdn.co/image/ab676161000051740262697c427bdb4509c58c68,320,160,https://i.scdn.co/image/ab6761610000f1780262697c427bdb4509c58c68,160,userProfileDataLongArtists
[],https://open.spotify.com/artist/0fiWOxhsBsQQvFDtxUQWo0,1074184,0fiWOxhsBsQQvFDtxUQWo0,Brett Young,65,artist,spotify:artist:0fiWOxhsBsQQvFDtxUQWo0,"contemporary country, country, country road, modern country rock",Long_term,Sam Hunt,640,https://i.scdn.co/image/ab6761610000e5ebe515e1e8974c5d7a6be2be33,640,320,https://i.scdn.co/image/ab67616100005174e515e1e8974c5d7a6be2be33,320,160,https://i.scdn.co/image/ab6761610000f178e515e1e8974c5d7a6be2be33,160,userProfileDataLongArtists
[],https://open.spotify.com/artist/0qSX3s5pJnAlSsgsCne8Cz,1445430,0qSX3s5pJnAlSsgsCne8Cz,Brett Eldredge,58,artist,spotify:artist:0qSX3s5pJnAlSsgsCne8Cz,"contemporary country, country, country road, modern country rock",Long_term,Sam Hunt,640,https://i.scdn.co/image/ab6761610000e5eb3be6bd19302e88701bb512e0,640,320,https://i.scdn.co/image/ab676161000051743be6bd19302e88701bb512e0,320,160,https://i.scdn.co/image/ab6761610000f1783be6bd19302e88701bb512e0,160,userProfileDataLongArtists
[],https://open.spotify.com/artist/6x2LnllRG5uGarZMsD4iO8,4628797,6x2LnllRG5uGarZMsD4iO8,Thomas Rhett,72,artist,spotify:artist:6x2LnllRG5uGarZMsD4iO8,"contemporary country, country, country road, modern country rock",Long_term,Sam Hunt,640,https://i.scdn.co/image/ab6761610000e5eb0096cad96e445e8adc22f5e7,640,320,https://i.scdn.co/image/ab676161000051740096cad96e445e8adc22f5e7,320,160,https://i.scdn.co/image/ab6761610000f1780096cad96e445e8adc22f5e7,160,userProfileDataLongArtists
[],https://open.spotify.com/artist/4BYxqVkZyFjtik7crYLg5Q,2728589,4BYxqVkZyFjtik7crYLg5Q,Chris Young,65,artist,spotify:artist:4BYxqVkZyFjtik7crYLg5Q,"contemporary country, country, country road",Long_term,Jason Aldean,640,https://i.scdn.co/image/ab6761610000e5eb51ee8748bfa263f595857c28,640,320,https://i.scdn.co/image/ab6761610000517451ee8748bfa263f595857c28,320,160,https://i.scdn.co/image/ab6761610000f17851ee8748bfa263f595857c28,160,userProfileDataLongArtists
[],https://open.spotify.com/artist/5q8HGNo0BjLWaTAhRtbwxa,2914772,5q8HGNo0BjLWaTAhRtbwxa,Brantley Gilbert,64,artist,spotify:artist:5q8HGNo0BjLWaTAhRtbwxa,"contemporary country, country, country road, modern country rock",Long_term,Jason Aldean,640,https://i.scdn.co/image/ab6761610000e5ebcc1b459cf6c389ce167728b4,640,320,https://i.scdn.co/image/ab67616100005174cc1b459cf6c389ce167728b4,320,160,https://i.scdn.co/image/ab6761610000f178cc1b459cf6c389ce167728b4,160,userProfileDataLongArtists
[],https://open.spotify.com/artist/30e8DmahrEamvLbFRPdWmk,1806988,30e8DmahrEamvLbFRPdWmk,Justin Moore,63,artist,spotify:artist:30e8DmahrEamvLbFRPdWmk,"arkansas country, contemporary country, country, country road, modern country rock",Long_term,Jason Aldean,640,https://i.scdn.co/image/ab6761610000e5eb9c67d34b79449dd65b293034,640,320,https://i.scdn.co/image/ab676161000051749c67d34b79449dd65b293034,320,160,https://i.scdn.co/image/ab6761610000f1789c67d34b79449dd65b293034,160,userProfileDataLongArtists
[],https://open.spotify.com/artist/7x8nK0m0cP2ksQf0mjWdPS,3027616,7x8nK0m0cP2ksQf0mjWdPS,Dierks Bentley,67,artist,spotify:artist:7x8nK0m0cP2ksQf0mjWdPS,"contemporary country, country, country road, modern country rock",Long_term,Jason Aldean,640,https://i.scdn.co/image/ab6761610000e5eb56f2ff11303eddb9aaee081b,640,320,https://i.scdn.co/image/ab6761610000517456f2ff11303eddb9aaee081b,320,160,https://i.scdn.co/image/ab6761610000f17856f2ff11303eddb9aaee081b,160,userProfileDataLongArtists
[],https://open.spotify.com/artist/1n2pb9Tsfe4SwAjmUac6YT,1869700,1n2pb9Tsfe4SwAjmUac6YT,Jake Owen,64,artist,spotify:artist:1n2pb9Tsfe4SwAjmUac6YT,"contemporary country, country, country road, modern country rock",Long_term,Jason Aldean,640,https://i.scdn.co/image/ab6761610000e5eb07fa8b648c4c02514f34cf87,640,320,https://i.scdn.co/image/ab6761610000517407fa8b648c4c02514f34cf87,320,160,https://i.scdn.co/image/ab6761610000f17807fa8b648c4c02514f34cf87,160,userProfileDataLongArtists
[],https://open.spotify.com/artist/75FnCoo4FBxH5K1Rrx0k5A,1564254,75FnCoo4FBxH5K1Rrx0k5A,The Band Perry,55,artist,spotify:artist:75FnCoo4FBxH5K1Rrx0k5A,"contemporary country, country, country dawn, country road",Long_term,Lady A,640,https://i.scdn.co/image/ab6761610000e5eb173d4b457016fe0727a7e50d,640,320,https://i.scdn.co/image/ab67616100005174173d4b457016fe0727a7e50d,320,160,https://i.scdn.co/image/ab6761610000f178173d4b457016fe0727a7e50d,160,userProfileDataLongArtists
[],https://open.spotify.com/artist/0hYxQe3AK5jBPCr5MumLHD,1874457,0hYxQe3AK5jBPCr5MumLHD,Sugarland,55,artist,spotify:artist:0hYxQe3AK5jBPCr5MumLHD,"contemporary country, country, country dawn, country road",Long_term,Lady A,640,https://i.scdn.co/image/ab6761610000e5ebed9c4a676ace03ebf1f8a35f,640,320,https://i.scdn.co/image/ab67616100005174ed9c4a676ace03ebf1f8a35f,320,160,https://i.scdn.co/image/ab6761610000f178ed9c4a676ace03ebf1f8a35f,160,userProfileDataLongArtists
[],https://open.spotify.com/artist/3CygdxquGHurS7f9LjNLkv,2730035,3CygdxquGHurS7f9LjNLkv,Little Big Town,61,artist,spotify:artist:3CygdxquGHurS7f9LjNLkv,"contemporary country, country, country dawn, country road",Long_term,Lady A,640,https://i.scdn.co/image/ab6761610000e5ebbd6b8625807df07fc711dd77,640,320,https://i.scdn.co/image/ab67616100005174bd6b8625807df07fc711dd77,320,160,https://i.scdn.co/image/ab6761610000f178bd6b8625807df07fc711dd77,160,userProfileDataLongArtists
[],https://open.spotify.com/artist/7qvsLYsYP0MHD7jkdv6DAG,1116686,7qvsLYsYP0MHD7jkdv6DAG,Sara Evans,52,artist,spotify:artist:7qvsLYsYP0MHD7jkdv6DAG,"contemporary country, country, country dawn, country gospel, country road",Long_term,Lady A,640,https://i.scdn.co/image/ab6761610000e5ebe409c650dda163c44462d943,640,320,https://i.scdn.co/image/ab67616100005174e409c650dda163c44462d943,320,160,https://i.scdn.co/image/ab6761610000f178e409c650dda163c44462d943,160,userProfileDataLongArtists
[],https://open.spotify.com/artist/021hNAnkFIbyFyL97br6NB,888818,021hNAnkFIbyFyL97br6NB,Kellie Pickler,40,artist,spotify:artist:021hNAnkFIbyFyL97br6NB,"contemporary country, country, country dawn, country road",Long_term,Lady A,1500,https://i.scdn.co/image/83cdca46da848b674babcc05a0f0e1827a45796a,1000,960,https://i.scdn.co/image/2f457698f6fa2342349e539f280a8da72c0d773d,640,300,https://i.scdn.co/image/c8ce7c537e803b5a196aa5c4fec4ab3ccd566806,200,userProfileDataLongArtists
[],https://open.spotify.com/artist/0C8ZW7ezQVs4URX5aX7Kqx,48190679,0C8ZW7ezQVs4URX5aX7Kqx,Selena Gomez,82,artist,spotify:artist:0C8ZW7ezQVs4URX5aX7Kqx,"pop, post-teen pop",medium_term,Taylor Swift,640,https://i.scdn.co/image/ab6761610000e5ebc3c753851496854e29abff7a,640,320,https://i.scdn.co/image/ab67616100005174c3c753851496854e29abff7a,320,160,https://i.scdn.co/image/ab6761610000f178c3c753851496854e29abff7a,160,userProfileDataMediumArtists
[],https://open.spotify.com/artist/1McMsnEElThX1knmY4oliG,33784377,1McMsnEElThX1knmY4oliG,Olivia Rodrigo,88,artist,spotify:artist:1McMsnEElThX1knmY4oliG,pop,medium_term,Taylor Swift,640,https://i.scdn.co/image/ab6761610000e5ebe03a98785f3658f0b6461ec4,640,320,https://i.scdn.co/image/ab67616100005174e03a98785f3658f0b6461ec4,320,160,https://i.scdn.co/image/ab6761610000f178e03a98785f3658f0b6461ec4,160,userProfileDataMediumArtists
[],https://open.spotify.com/artist/6jJ0s89eD6GaHleKKya26X,31921822,6jJ0s89eD6GaHleKKya26X,Katy Perry,84,artist,spotify:artist:6jJ0s89eD6GaHleKKya26X,pop,medium_term,Taylor Swift,640,https://i.scdn.co/image/ab6761610000e5ebdc9dcb7e4a97b4552e1224d6,640,320,https://i.scdn.co/image/ab67616100005174dc9dcb7e4a97b4552e1224d6,320,160,https://i.scdn.co/image/ab6761610000f178dc9dcb7e4a97b4552e1224d6,160,userProfileDataMediumArtists
[],https://open.spotify.com/artist/66CXWjxzNUsdJxJ2JdwvnR,94915283,66CXWjxzNUsdJxJ2JdwvnR,Ariana Grande,92,artist,spotify:artist:66CXWjxzNUsdJxJ2JdwvnR,pop,medium_term,Taylor Swift,640,https://i.scdn.co/image/ab6761610000e5eb40b5c07ab77b6b1a9075fdc0,640,320,https://i.scdn.co/image/ab6761610000517440b5c07ab77b6b1a9075fdc0,320,160,https://i.scdn.co/image/ab6761610000f17840b5c07ab77b6b1a9075fdc0,160,userProfileDataMediumArtists
[],https://open.spotify.com/artist/6KImCVD70vtIoJWnq6nGn3,31400064,6KImCVD70vtIoJWnq6nGn3,Harry Styles,84,artist,spotify:artist:6KImCVD70vtIoJWnq6nGn3,pop,medium_term,Taylor Swift,640,https://i.scdn.co/image/ab6761610000e5ebf7db7c8ede90a019c54590bb,640,320,https://i.scdn.co/image/ab67616100005174f7db7c8ede90a019c54590bb,320,160,https://i.scdn.co/image/ab6761610000f178f7db7c8ede90a019c54590bb,160,userProfileDataMediumArtists
[],https://open.spotify.com/artist/66lH4jAE7pqPlOlzUKbwA0,3516553,66lH4jAE7pqPlOlzUKbwA0,Miranda Lambert,68,artist,spotify:artist:66lH4jAE7pqPlOlzUKbwA0,"contemporary country, country, country dawn, country road",medium_term,Carrie Underwood,640,https://i.scdn.co/image/ab6761610000e5eb65a893418ccd0bd69f06cfef,640,320,https://i.scdn.co/image/ab6761610000517465a893418ccd0bd69f06cfef,320,160,https://i.scdn.co/image/ab6761610000f17865a893418ccd0bd69f06cfef,160,userProfileDataMediumArtists
[],https://open.spotify.com/artist/0hYxQe3AK5jBPCr5MumLHD,1874457,0hYxQe3AK5jBPCr5MumLHD,Sugarland,55,artist,spotify:artist:0hYxQe3AK5jBPCr5MumLHD,"contemporary country, country, country dawn, country road",medium_term,Carrie Underwood,640,https://i.scdn.co/image/ab6761610000e5ebed9c4a676ace03ebf1f8a35f,640,320,https://i.scdn.co/image/ab67616100005174ed9c4a676ace03ebf1f8a35f,320,160,https://i.scdn.co/image/ab6761610000f178ed9c4a676ace03ebf1f8a35f,160,userProfileDataMediumArtists
[],https://open.spotify.com/artist/021hNAnkFIbyFyL97br6NB,888818,021hNAnkFIbyFyL97br6NB,Kellie Pickler,40,artist,spotify:artist:021hNAnkFIbyFyL97br6NB,"contemporary country, country, country dawn, country road",medium_term,Carrie Underwood,1500,https://i.scdn.co/image/83cdca46da848b674babcc05a0f0e1827a45796a,1000,960,https://i.scdn.co/image/2f457698f6fa2342349e539f280a8da72c0d773d,640,300,https://i.scdn.co/image/c8ce7c537e803b5a196aa5c4fec4ab3ccd566806,200,userProfileDataMediumArtists
[],https://open.spotify.com/artist/3CygdxquGHurS7f9LjNLkv,2730035,3CygdxquGHurS7f9LjNLkv,Little Big Town,61,artist,spotify:artist:3CygdxquGHurS7f9LjNLkv,"contemporary country, country, country dawn, country road",medium_term,Carrie Underwood,640,https://i.scdn.co/image/ab6761610000e5ebbd6b8625807df07fc711dd77,640,320,https://i.scdn.co/image/ab67616100005174bd6b8625807df07fc711dd77,320,160,https://i.scdn.co/image/ab6761610000f178bd6b8625807df07fc711dd77,160,userProfileDataMediumArtists
[],https://open.spotify.com/artist/75FnCoo4FBxH5K1Rrx0k5A,1564254,75FnCoo4FBxH5K1Rrx0k5A,The Band Perry,55,artist,spotify:artist:75FnCoo4FBxH5K1Rrx0k5A,"contemporary country, country, country dawn, country road",medium_term,Carrie Underwood,640,https://i.scdn.co/image/ab6761610000e5eb173d4b457016fe0727a7e50d,640,320,https://i.scdn.co/image/ab67616100005174173d4b457016fe0727a7e50d,320,160,https://i.scdn.co/image/ab6761610000f178173d4b457016fe0727a7e50d,160,userProfileDataMediumArtists
[],https://open.spotify.com/artist/3GBPw9NK25X1Wt2OUvOwY3,3696322,3GBPw9NK25X1Wt2OUvOwY3,Jack Johnson,75,artist,spotify:artist:3GBPw9NK25X1Wt2OUvOwY3,neo mellow,medium_term,John Mayer,640,https://i.scdn.co/image/ab6761610000e5eb9555a0b3231117c8cde1fca7,640,320,https://i.scdn.co/image/ab676161000051749555a0b3231117c8cde1fca7,320,160,https://i.scdn.co/image/ab6761610000f1789555a0b3231117c8cde1fca7,160,userProfileDataMediumArtists
[],https://open.spotify.com/artist/4phGZZrJZRo4ElhRtViYdl,7083085,4phGZZrJZRo4ElhRtViYdl,Jason Mraz,72,artist,spotify:artist:4phGZZrJZRo4ElhRtViYdl,"acoustic pop, dance pop, neo mellow, pop",medium_term,John Mayer,640,https://i.scdn.co/image/ab6761610000e5ebc3b370fc26c83312db52af14,640,320,https://i.scdn.co/image/ab67616100005174c3b370fc26c83312db52af14,320,160,https://i.scdn.co/image/ab6761610000f178c3b370fc26c83312db52af14,160,userProfileDataMediumArtists
[],https://open.spotify.com/artist/5DYAABs8rkY9VhwtENoQCz,1248536,5DYAABs8rkY9VhwtENoQCz,Gavin DeGraw,60,artist,spotify:artist:5DYAABs8rkY9VhwtENoQCz,"neo mellow, pop rock",medium_term,John Mayer,640,https://i.scdn.co/image/ab6761610000e5eba79c060a14915e9c2e1b4518,640,320,https://i.scdn.co/image/ab67616100005174a79c060a14915e9c2e1b4518,320,160,https://i.scdn.co/image/ab6761610000f178a79c060a14915e9c2e1b4518,160,userProfileDataMediumArtists
[],https://open.spotify.com/artist/68xuC1qXRhCUvGd4SSM655,128858,68xuC1qXRhCUvGd4SSM655,John Mayer Trio,0,artist,spotify:artist:68xuC1qXRhCUvGd4SSM655,modern blues,medium_term,John Mayer,640,https://i.scdn.co/image/ab67616d0000b2732c044b0dec365f990af906ad,640,300,https://i.scdn.co/image/ab67616d00001e022c044b0dec365f990af906ad,300,64,https://i.scdn.co/image/ab67616d000048512c044b0dec365f990af906ad,64,userProfileDataMediumArtists
[],https://open.spotify.com/artist/6aZyMrc4doVtZyKNilOmwu,2457239,6aZyMrc4doVtZyKNilOmwu,Colbie Caillat,67,artist,spotify:artist:6aZyMrc4doVtZyKNilOmwu,"dance pop, neo mellow, pop",medium_term,John Mayer,640,https://i.scdn.co/image/ab6761610000e5eb08635ff0ed30023d2ee764a1,640,320,https://i.scdn.co/image/ab6761610000517408635ff0ed30023d2ee764a1,320,160,https://i.scdn.co/image/ab6761610000f17808635ff0ed30023d2ee764a1,160,userProfileDataMediumArtists
[],https://open.spotify.com/artist/3e7awlrlDSwF3iM0WBjGMp,11727643,3e7awlrlDSwF3iM0WBjGMp,Little Mix,74,artist,spotify:artist:3e7awlrlDSwF3iM0WBjGMp,"girl group, pop, talent show, uk pop",medium_term,Fifth Harmony,640,https://i.scdn.co/image/ab6761610000e5eb08cd53940cbf5813ee5fe565,640,320,https://i.scdn.co/image/ab6761610000517408cd53940cbf5813ee5fe565,320,160,https://i.scdn.co/image/ab6761610000f17808cd53940cbf5813ee5fe565,160,userProfileDataMediumArtists
[],https://open.spotify.com/artist/64M6ah0SkkRsnPGtGiRAbb,8872890,64M6ah0SkkRsnPGtGiRAbb,Bebe Rexha,79,artist,spotify:artist:64M6ah0SkkRsnPGtGiRAbb,"dance pop, pop",medium_term,Fifth Harmony,640,https://i.scdn.co/image/ab6761610000e5ebc692afc666512dc946a7358f,640,320,https://i.scdn.co/image/ab67616100005174c692afc666512dc946a7358f,320,160,https://i.scdn.co/image/ab6761610000f178c692afc666512dc946a7358f,160,userProfileDataMediumArtists
[],https://open.spotify.com/artist/5p7f24Rk5HkUZsaS3BLG5F,8749093,5p7f24Rk5HkUZsaS3BLG5F,Hailee Steinfeld,68,artist,spotify:artist:5p7f24Rk5HkUZsaS3BLG5F,pop,medium_term,Fifth Harmony,640,https://i.scdn.co/image/ab6761610000e5eba961383967f3a3a54e794a15,640,320,https://i.scdn.co/image/ab67616100005174a961383967f3a3a54e794a15,320,160,https://i.scdn.co/image/ab6761610000f178a961383967f3a3a54e794a15,160,userProfileDataMediumArtists
[],https://open.spotify.com/artist/6S2OmqARrzebs0tKUEyXyp,26046727,6S2OmqARrzebs0tKUEyXyp,Demi Lovato,77,artist,spotify:artist:6S2OmqARrzebs0tKUEyXyp,"pop, post-teen pop",medium_term,Fifth Harmony,640,https://i.scdn.co/image/ab6761610000e5ebcf674ecb51186e6408cd18c0,640,320,https://i.scdn.co/image/ab67616100005174cf674ecb51186e6408cd18c0,320,160,https://i.scdn.co/image/ab6761610000f178cf674ecb51186e6408cd18c0,160,userProfileDataMediumArtists
[],https://open.spotify.com/artist/1Xylc3o4UrD53lo9CvFvVg,10309955,1Xylc3o4UrD53lo9CvFvVg,Zara Larsson,78,artist,spotify:artist:1Xylc3o4UrD53lo9CvFvVg,"pop, scandipop, swedish electropop, swedish pop",medium_term,Fifth Harmony,640,https://i.scdn.co/image/ab6761610000e5eb7619ca2683b434e139040f70,640,320,https://i.scdn.co/image/ab676161000051747619ca2683b434e139040f70,320,160,https://i.scdn.co/image/ab6761610000f1787619ca2683b434e139040f70,160,userProfileDataMediumArtists
[],https://open.spotify.com/artist/7nU4hB040gTmHm45YYMvqc,4607323,7nU4hB040gTmHm45YYMvqc,Hannah Montana,62,artist,spotify:artist:7nU4hB040gTmHm45YYMvqc,"pop, post-teen pop",medium_term,Miley Cyrus,640,https://i.scdn.co/image/ab6761610000e5eb6c851c42d7b31d0ad93d4b94,640,320,https://i.scdn.co/image/ab676161000051746c851c42d7b31d0ad93d4b94,320,160,https://i.scdn.co/image/ab6761610000f1786c851c42d7b31d0ad93d4b94,160,userProfileDataMediumArtists
[],https://open.spotify.com/artist/6S2OmqARrzebs0tKUEyXyp,26046727,6S2OmqARrzebs0tKUEyXyp,Demi Lovato,77,artist,spotify:artist:6S2OmqARrzebs0tKUEyXyp,"pop, post-teen pop",medium_term,Miley Cyrus,640,https://i.scdn.co/image/ab6761610000e5ebcf674ecb51186e6408cd18c0,640,320,https://i.scdn.co/image/ab67616100005174cf674ecb51186e6408cd18c0,320,160,https://i.scdn.co/image/ab6761610000f178cf674ecb51186e6408cd18c0,160,userProfileDataMediumArtists
[],https://open.spotify.com/artist/6LqNN22kT3074XbTVUrhzX,7656318,6LqNN22kT3074XbTVUrhzX,Kesha,77,artist,spotify:artist:6LqNN22kT3074XbTVUrhzX,"dance pop, pop",medium_term,Miley Cyrus,640,https://i.scdn.co/image/ab6761610000e5eb8e32655d5ee8021c812b0f74,640,320,https://i.scdn.co/image/ab676161000051748e32655d5ee8021c812b0f74,320,160,https://i.scdn.co/image/ab6761610000f1788e32655d5ee8021c812b0f74,160,userProfileDataMediumArtists
[],https://open.spotify.com/artist/26dSoYclwsYLMAKD3tpOr4,13883020,26dSoYclwsYLMAKD3tpOr4,Britney Spears,80,artist,spotify:artist:26dSoYclwsYLMAKD3tpOr4,"dance pop, pop",medium_term,Miley Cyrus,640,https://i.scdn.co/image/ab6761610000e5eb3a49b0a3954e460a8a76ed90,640,320,https://i.scdn.co/image/ab676161000051743a49b0a3954e460a8a76ed90,320,160,https://i.scdn.co/image/ab6761610000f1783a49b0a3954e460a8a76ed90,160,userProfileDataMediumArtists
[],https://open.spotify.com/artist/0p4nmQO2msCgU4IF37Wi3j,10597192,0p4nmQO2msCgU4IF37Wi3j,Avril Lavigne,75,artist,spotify:artist:0p4nmQO2msCgU4IF37Wi3j,"canadian pop, candy pop, dance pop, pop",medium_term,Miley Cyrus,640,https://i.scdn.co/image/ab6761610000e5eb581efa688945cbb092df1726,640,320,https://i.scdn.co/image/ab67616100005174581efa688945cbb092df1726,320,160,https://i.scdn.co/image/ab6761610000f178581efa688945cbb092df1726,160,userProfileDataMediumArtists
[],https://open.spotify.com/artist/21E3waRsmPlU7jZsS13rcj,8485951,21E3waRsmPlU7jZsS13rcj,Ne-Yo,80,artist,spotify:artist:21E3waRsmPlU7jZsS13rcj,"dance pop, pop, r&b, urban contemporary",medium_term,USHER,640,https://i.scdn.co/image/ab6761610000e5ebca118e3822061f7b7f6bc537,640,320,https://i.scdn.co/image/ab67616100005174ca118e3822061f7b7f6bc537,320,160,https://i.scdn.co/image/ab6761610000f178ca118e3822061f7b7f6bc537,160,userProfileDataMediumArtists
[],https://open.spotify.com/artist/7r8RF1tN2A4CiGEplkp1oP,2518081,7r8RF1tN2A4CiGEplkp1oP,Ginuwine,64,artist,spotify:artist:7r8RF1tN2A4CiGEplkp1oP,"contemporary r&b, hip pop, r&b, urban contemporary",medium_term,USHER,931,https://i.scdn.co/image/c8bc9979554744c06b3c62b7e94b82cd9303ec81,600,310,https://i.scdn.co/image/9617d45aa1bd6725f9418cc54ff008ddbfedede3,200,99,https://i.scdn.co/image/92c562bd9618c0d00872cfc163f0b4d44fbe5259,64,userProfileDataMediumArtists
[],https://open.spotify.com/artist/20s0P9QLxGqKuCsGwFsp7w,3321067,20s0P9QLxGqKuCsGwFsp7w,Mario,67,artist,spotify:artist:20s0P9QLxGqKuCsGwFsp7w,"dance pop, r&b, southern hip hop, urban contemporary",medium_term,USHER,640,https://i.scdn.co/image/ab6761610000e5eb09e3445cef22163eb8d45371,640,320,https://i.scdn.co/image/ab6761610000517409e3445cef22163eb8d45371,320,160,https://i.scdn.co/image/ab6761610000f17809e3445cef22163eb8d45371,160,userProfileDataMediumArtists
[],https://open.spotify.com/artist/2iojnBLj0qIMiKPvVhLnsH,7255236,2iojnBLj0qIMiKPvVhLnsH,Trey Songz,69,artist,spotify:artist:2iojnBLj0qIMiKPvVhLnsH,"dance pop, r&b, southern hip hop, trap, urban contemporary",medium_term,USHER,640,https://i.scdn.co/image/ab6761610000e5ebfd7cca32a58a9bb263fb5c4a,640,320,https://i.scdn.co/image/ab67616100005174fd7cca32a58a9bb263fb5c4a,320,160,https://i.scdn.co/image/ab6761610000f178fd7cca32a58a9bb263fb5c4a,160,userProfileDataMediumArtists
[],https://open.spotify.com/artist/08p7B5OtcUuVblvkQIlBhJ,2415630,08p7B5OtcUuVblvkQIlBhJ,Tyrese,56,artist,spotify:artist:08p7B5OtcUuVblvkQIlBhJ,"contemporary r&b, hip pop, r&b, urban contemporary",medium_term,USHER,1000,https://i.scdn.co/image/4f04066d41d1d3abd78fa0b955fd5d004e2211db,1000,640,https://i.scdn.co/image/854dae1b68ad578cbabe224221669745281277fa,640,200,https://i.scdn.co/image/c2e896c881372d27fb36aa77a3435abee8ab3a97,200,userProfileDataMediumArtists
[],https://open.spotify.com/artist/3X458ddYA2YcVWuVIGGOYe,3974533,3X458ddYA2YcVWuVIGGOYe,Toni Braxton,63,artist,spotify:artist:3X458ddYA2YcVWuVIGGOYe,"contemporary r&b, dance pop, r&b, urban contemporary",medium_term,Mariah Carey,640,https://i.scdn.co/image/ab6761610000e5eb89773feeaeff0e1cb4951d37,640,320,https://i.scdn.co/image/ab6761610000517489773feeaeff0e1cb4951d37,320,160,https://i.scdn.co/image/ab6761610000f17889773feeaeff0e1cb4951d37,160,userProfileDataMediumArtists
[],https://open.spotify.com/artist/6XpaIBNiVzIetEPCWDvAFP,9825533,6XpaIBNiVzIetEPCWDvAFP,Whitney Houston,75,artist,spotify:artist:6XpaIBNiVzIetEPCWDvAFP,"dance pop, pop",medium_term,Mariah Carey,640,https://i.scdn.co/image/ab6761610000e5ebcd9f60ab57585bf3b77ecc51,640,320,https://i.scdn.co/image/ab67616100005174cd9f60ab57585bf3b77ecc51,320,160,https://i.scdn.co/image/ab6761610000f178cd9f60ab57585bf3b77ecc51,160,userProfileDataMediumArtists
[],https://open.spotify.com/artist/4qwGe91Bz9K2T8jXTZ815W,3808038,4qwGe91Bz9K2T8jXTZ815W,Janet Jackson,64,artist,spotify:artist:4qwGe91Bz9K2T8jXTZ815W,"dance pop, r&b, urban contemporary",medium_term,Mariah Carey,640,https://i.scdn.co/image/ab6761610000e5ebbec789acee9ddb4480604f2e,640,320,https://i.scdn.co/image/ab67616100005174bec789acee9ddb4480604f2e,320,160,https://i.scdn.co/image/ab6761610000f178bec789acee9ddb4480604f2e,160,userProfileDataMediumArtists
[],https://open.spotify.com/artist/6O74knDqdv3XaWtkII7Xjp,2936096,6O74knDqdv3XaWtkII7Xjp,Boyz II Men,65,artist,spotify:artist:6O74knDqdv3XaWtkII7Xjp,"boy band, contemporary r&b, new jack swing, r&b, urban contemporary",medium_term,Mariah Carey,500,https://i.scdn.co/image/c8b0d67be35852171d04d7309c2cfe1992a8a4eb,500,200,https://i.scdn.co/image/8a5d7e430967cc09022e53c49528587d196b66df,200,64,https://i.scdn.co/image/db9713492df7fdf105b12cf2833d273797421c48,64,userProfileDataMediumArtists
[],https://open.spotify.com/artist/0TImkz4nPqjegtVSMZnMRq,3846581,0TImkz4nPqjegtVSMZnMRq,TLC,68,artist,spotify:artist:0TImkz4nPqjegtVSMZnMRq,"atl hip hop, contemporary r&b, dance pop, girl group, hip pop, r&b, urban contemporary",medium_term,Mariah Carey,640,https://i.scdn.co/image/ab6761610000e5eb7356ae4581e46319f99c813a,640,320,https://i.scdn.co/image/ab676161000051747356ae4581e46319f99c813a,320,160,https://i.scdn.co/image/ab6761610000f1787356ae4581e46319f99c813a,160,userProfileDataMediumArtists
[],https://open.spotify.com/artist/694QW15WkebjcrWgQHzRYF,947070,694QW15WkebjcrWgQHzRYF,Everclear,57,artist,spotify:artist:694QW15WkebjcrWgQHzRYF,"alternative metal, alternative rock, nu metal, permanent wave, pop rock, post-grunge",medium_term,Third Eye Blind,640,https://i.scdn.co/image/ab6761610000e5eb4b2f039f936f88e047163c9d,640,320,https://i.scdn.co/image/ab676161000051744b2f039f936f88e047163c9d,320,160,https://i.scdn.co/image/ab6761610000f1784b2f039f936f88e047163c9d,160,userProfileDataMediumArtists
[],https://open.spotify.com/artist/4Eqd24yS5YcxI8b6Xfuwr8,429709,4Eqd24yS5YcxI8b6Xfuwr8,Eve 6,51,artist,spotify:artist:4Eqd24yS5YcxI8b6Xfuwr8,"alternative metal, pop rock, post-grunge",medium_term,Third Eye Blind,640,https://i.scdn.co/image/ab6761610000e5ebaac60f5863d2df0b1425955a,640,320,https://i.scdn.co/image/ab67616100005174aac60f5863d2df0b1425955a,320,160,https://i.scdn.co/image/ab6761610000f178aac60f5863d2df0b1425955a,160,userProfileDataMediumArtists
[],https://open.spotify.com/artist/4uN3DsfENc7dp0OLO0FEIb,941011,4uN3DsfENc7dp0OLO0FEIb,Sugar Ray,58,artist,spotify:artist:4uN3DsfENc7dp0OLO0FEIb,"alternative metal, funk metal, pop rock, post-grunge",medium_term,Third Eye Blind,640,https://i.scdn.co/image/ab6761610000e5ebff43c5735517a662439d0afe,640,320,https://i.scdn.co/image/ab67616100005174ff43c5735517a662439d0afe,320,160,https://i.scdn.co/image/ab6761610000f178ff43c5735517a662439d0afe,160,userProfileDataMediumArtists
[],https://open.spotify.com/artist/6kXp61QMZFPcKMcRPqoiVj,658597,6kXp61QMZFPcKMcRPqoiVj,Gin Blossoms,55,artist,spotify:artist:6kXp61QMZFPcKMcRPqoiVj,"permanent wave, pop rock, post-grunge, tempe indie",medium_term,Third Eye Blind,640,https://i.scdn.co/image/ab6761610000e5eb5c0f1358900eef3ae120f159,640,320,https://i.scdn.co/image/ab676161000051745c0f1358900eef3ae120f159,320,160,https://i.scdn.co/image/ab6761610000f1785c0f1358900eef3ae120f159,160,userProfileDataMediumArtists
[],https://open.spotify.com/artist/242iqFnwNhlidVBMI9GYKp,350766,242iqFnwNhlidVBMI9GYKp,The Verve Pipe,44,artist,spotify:artist:242iqFnwNhlidVBMI9GYKp,"pop rock, post-grunge",medium_term,Third Eye Blind,640,https://i.scdn.co/image/ab6761610000e5eba91b1b17434138adf2ad7981,640,320,https://i.scdn.co/image/ab67616100005174a91b1b17434138adf2ad7981,320,160,https://i.scdn.co/image/ab6761610000f178a91b1b17434138adf2ad7981,160,userProfileDataMediumArtists
[],https://open.spotify.com/artist/3win9vGIxFfBRag9S63wwf,988804,3win9vGIxFfBRag9S63wwf,Bailey Zimmerman,74,artist,spotify:artist:3win9vGIxFfBRag9S63wwf,"contemporary country, modern country pop",medium_term,Morgan Wallen,640,https://i.scdn.co/image/ab6761610000e5ebed36422f0f4ab7564fd0a2d6,640,320,https://i.scdn.co/image/ab67616100005174ed36422f0f4ab7564fd0a2d6,320,160,https://i.scdn.co/image/ab6761610000f178ed36422f0f4ab7564fd0a2d6,160,userProfileDataMediumArtists
[],https://open.spotify.com/artist/5QNm7E7RU2m64l6Gliu8Oy,791152,5QNm7E7RU2m64l6Gliu8Oy,HARDY,73,artist,spotify:artist:5QNm7E7RU2m64l6Gliu8Oy,"contemporary country, modern country pop",medium_term,Morgan Wallen,640,https://i.scdn.co/image/ab6761610000e5eb2d272d590f12c1b594ef7aca,640,320,https://i.scdn.co/image/ab676161000051742d272d590f12c1b594ef7aca,320,160,https://i.scdn.co/image/ab6761610000f1782d272d590f12c1b594ef7aca,160,userProfileDataMediumArtists
[],https://open.spotify.com/artist/718COspgdWOnwOFpJHRZHS,10115899,718COspgdWOnwOFpJHRZHS,Luke Combs,83,artist,spotify:artist:718COspgdWOnwOFpJHRZHS,"contemporary country, country",medium_term,Morgan Wallen,640,https://i.scdn.co/image/ab6761610000e5eb5db6179b28f7e3654898b279,640,320,https://i.scdn.co/image/ab676161000051745db6179b28f7e3654898b279,320,160,https://i.scdn.co/image/ab6761610000f1785db6179b28f7e3654898b279,160,userProfileDataMediumArtists
[],https://open.spotify.com/artist/77kULmXAQ6vWer7IIHdGzI,1171876,77kULmXAQ6vWer7IIHdGzI,Jordan Davis,73,artist,spotify:artist:77kULmXAQ6vWer7IIHdGzI,contemporary country,medium_term,Morgan Wallen,640,https://i.scdn.co/image/ab6761610000e5eb2ed3943e39c47fa8bb10fb53,640,320,https://i.scdn.co/image/ab676161000051742ed3943e39c47fa8bb10fb53,320,160,https://i.scdn.co/image/ab6761610000f1782ed3943e39c47fa8bb10fb53,160,userProfileDataMediumArtists
[],https://open.spotify.com/artist/4MoAOfV4ROWofLG3a3hhBN,1914645,4MoAOfV4ROWofLG3a3hhBN,Jon Pardi,73,artist,spotify:artist:4MoAOfV4ROWofLG3a3hhBN,"contemporary country, country, country road, modern country rock",medium_term,Morgan Wallen,640,https://i.scdn.co/image/ab6761610000e5eb9ab434ef1b8d8aff5fce625d,640,320,https://i.scdn.co/image/ab676161000051749ab434ef1b8d8aff5fce625d,320,160,https://i.scdn.co/image/ab6761610000f1789ab434ef1b8d8aff5fce625d,160,userProfileDataMediumArtists
[],https://open.spotify.com/artist/2IvkS5MXK0vPGnwyJsrEyV,3772824,2IvkS5MXK0vPGnwyJsrEyV,Eric Church,72,artist,spotify:artist:2IvkS5MXK0vPGnwyJsrEyV,"contemporary country, country, country road",medium_term,Chris Stapleton,640,https://i.scdn.co/image/ab6761610000e5ebd34bf268bd88477f7f192100,640,320,https://i.scdn.co/image/ab67616100005174d34bf268bd88477f7f192100,320,160,https://i.scdn.co/image/ab6761610000f178d34bf268bd88477f7f192100,160,userProfileDataMediumArtists
[],https://open.spotify.com/artist/5yhxqYI0JBwUKfXpSEjiM8,727696,5yhxqYI0JBwUKfXpSEjiM8,Jamey Johnson,60,artist,spotify:artist:5yhxqYI0JBwUKfXpSEjiM8,"country, country road, outlaw country",medium_term,Chris Stapleton,640,https://i.scdn.co/image/ab6761610000e5ebaf955c64386831750ef79ec5,640,320,https://i.scdn.co/image/ab67616100005174af955c64386831750ef79ec5,320,160,https://i.scdn.co/image/ab6761610000f178af955c64386831750ef79ec5,160,userProfileDataMediumArtists
[],https://open.spotify.com/artist/39NR3AUhpbbqKM33vWn2fp,1226441,39NR3AUhpbbqKM33vWn2fp,Brothers Osborne,61,artist,spotify:artist:39NR3AUhpbbqKM33vWn2fp,"contemporary country, country, country road, modern country rock, modern southern rock",medium_term,Chris Stapleton,640,https://i.scdn.co/image/ab6761610000e5eb5effec55163b16aa9ba20e7a,640,320,https://i.scdn.co/image/ab676161000051745effec55163b16aa9ba20e7a,320,160,https://i.scdn.co/image/ab6761610000f1785effec55163b16aa9ba20e7a,160,userProfileDataMediumArtists
[],https://open.spotify.com/artist/2v7wIbCkIzxOfT3GnqCexD,973296,2v7wIbCkIzxOfT3GnqCexD,Cody Jinks,64,artist,spotify:artist:2v7wIbCkIzxOfT3GnqCexD,"classic texas country, modern southern rock, outlaw country",medium_term,Chris Stapleton,640,https://i.scdn.co/image/ab6761610000e5ebd935f32144e6fd349e4ae4a3,640,320,https://i.scdn.co/image/ab67616100005174d935f32144e6fd349e4ae4a3,320,160,https://i.scdn.co/image/ab6761610000f178d935f32144e6fd349e4ae4a3,160,userProfileDataMediumArtists
[],https://open.spotify.com/artist/13ZEDW6vyBF12HYcZRr4EV,2285501,13ZEDW6vyBF12HYcZRr4EV,Tyler Childers,77,artist,spotify:artist:13ZEDW6vyBF12HYcZRr4EV,"kentucky indie, kentucky roots, outlaw country",medium_term,Chris Stapleton,640,https://i.scdn.co/image/ab6761610000e5eb3b3bb0d677529cd524eadfdc,640,320,https://i.scdn.co/image/ab676161000051743b3bb0d677529cd524eadfdc,320,160,https://i.scdn.co/image/ab6761610000f1783b3bb0d677529cd524eadfdc,160,userProfileDataMediumArtists
[],https://open.spotify.com/artist/6fYqX8n6gG3FNbSufuvj3E,19584,6fYqX8n6gG3FNbSufuvj3E,John the Ghost,37,artist,spotify:artist:6fYqX8n6gG3FNbSufuvj3E,,medium_term,The Maine,640,https://i.scdn.co/image/ab6761610000e5ebe710d6e4e8fc23096c9822ce,640,320,https://i.scdn.co/image/ab67616100005174e710d6e4e8fc23096c9822ce,320,160,https://i.scdn.co/image/ab6761610000f178e710d6e4e8fc23096c9822ce,160,userProfileDataMediumArtists
[],https://open.spotify.com/artist/4frytKnOBrer4QVPWynGtX,278262,4frytKnOBrer4QVPWynGtX,Forever The Sickest Kids,45,artist,spotify:artist:4frytKnOBrer4QVPWynGtX,"electropowerpop, neon pop punk, pop punk, texas pop punk",medium_term,The Maine,640,https://i.scdn.co/image/ab6761610000e5eb1455bb406c84be3ee3a11986,640,320,https://i.scdn.co/image/ab676161000051741455bb406c84be3ee3a11986,320,160,https://i.scdn.co/image/ab6761610000f1781455bb406c84be3ee3a11986,160,userProfileDataMediumArtists
[],https://open.spotify.com/artist/1IpSmgcN9F3KNa7j9JtAE4,158251,1IpSmgcN9F3KNa7j9JtAE4,Every Avenue,45,artist,spotify:artist:1IpSmgcN9F3KNa7j9JtAE4,"neon pop punk, pop punk",medium_term,The Maine,640,https://i.scdn.co/image/ab6761610000e5eb56ed34f8e81c62ee1da3860e,640,320,https://i.scdn.co/image/ab6761610000517456ed34f8e81c62ee1da3860e,320,160,https://i.scdn.co/image/ab6761610000f17856ed34f8e81c62ee1da3860e,160,userProfileDataMediumArtists
[],https://open.spotify.com/artist/0pwyD6DhbFWn8uVSz2Fr0w,300362,0pwyD6DhbFWn8uVSz2Fr0w,The Summer Set,45,artist,spotify:artist:0pwyD6DhbFWn8uVSz2Fr0w,"neon pop punk, piano rock, pop emo, pop punk",medium_term,The Maine,640,https://i.scdn.co/image/ab6761610000e5eb212822055d82b0ce99e7716a,640,320,https://i.scdn.co/image/ab67616100005174212822055d82b0ce99e7716a,320,160,https://i.scdn.co/image/ab6761610000f178212822055d82b0ce99e7716a,160,userProfileDataMediumArtists
[],https://open.spotify.com/artist/7AsPubxWM5tfW4hTZEL3aP,296780,7AsPubxWM5tfW4hTZEL3aP,Cute Is What We Aim For,43,artist,spotify:artist:7AsPubxWM5tfW4hTZEL3aP,"neon pop punk, pixie, pop punk",medium_term,The Maine,702,https://i.scdn.co/image/17bbd2564a198a047fd824bd363a1d2554884f4e,1000,449,https://i.scdn.co/image/3283d70525b1fe34148af09efa23cdc90f509541,640,140,https://i.scdn.co/image/ca793c14e90b77f898123ab40570d29d01c2b8b5,200,userProfileDataMediumArtists
[],https://open.spotify.com/artist/2M4Yt7oKGoYd0wqU44k4i2,1354148,2M4Yt7oKGoYd0wqU44k4i2,Travis Tritt,62,artist,spotify:artist:2M4Yt7oKGoYd0wqU44k4i2,"contemporary country, country, country road, outlaw country",medium_term,Brooks & Dunn,640,https://i.scdn.co/image/ab6761610000e5eba8c570d026bf6b373b2fb307,640,320,https://i.scdn.co/image/ab67616100005174a8c570d026bf6b373b2fb307,320,160,https://i.scdn.co/image/ab6761610000f178a8c570d026bf6b373b2fb307,160,userProfileDataMediumArtists
[],https://open.spotify.com/artist/7mPcfx7PhnBh6n4HMCd61A,999758,7mPcfx7PhnBh6n4HMCd61A,John Michael Montgomery,58,artist,spotify:artist:7mPcfx7PhnBh6n4HMCd61A,"contemporary country, country, country road",medium_term,Brooks & Dunn,675,https://i.scdn.co/image/7c95c04b391ea7eae48c29f095335803136203c1,1000,432,https://i.scdn.co/image/9818f2aece77c2b1d36bb969d0fd17c1d959a151,640,135,https://i.scdn.co/image/ee5201eda65654a1fef17b0d00242fda39bfc399,200,userProfileDataMediumArtists
[],https://open.spotify.com/artist/3Ay15wt0QChT4Kapsuw5Jt,1006409,3Ay15wt0QChT4Kapsuw5Jt,Clint Black,57,artist,spotify:artist:3Ay15wt0QChT4Kapsuw5Jt,"contemporary country, country, country road",medium_term,Brooks & Dunn,640,https://i.scdn.co/image/ab6761610000e5ebfa3719bead2db47463ae5de0,640,320,https://i.scdn.co/image/ab67616100005174fa3719bead2db47463ae5de0,320,160,https://i.scdn.co/image/ab6761610000f178fa3719bead2db47463ae5de0,160,userProfileDataMediumArtists
[],https://open.spotify.com/artist/1pTuR132U5b4Rizal2Pr7m,1694041,1pTuR132U5b4Rizal2Pr7m,Randy Travis,63,artist,spotify:artist:1pTuR132U5b4Rizal2Pr7m,"contemporary country, country, country gospel, country road",medium_term,Brooks & Dunn,640,https://i.scdn.co/image/ab6761610000e5ebf6b3b5ecaee21bec54284cdc,640,320,https://i.scdn.co/image/ab67616100005174f6b3b5ecaee21bec54284cdc,320,160,https://i.scdn.co/image/ab6761610000f178f6b3b5ecaee21bec54284cdc,160,userProfileDataMediumArtists
[],https://open.spotify.com/artist/3bGXaFVQLASmDMdjjeJr8a,1434962,3bGXaFVQLASmDMdjjeJr8a,Montgomery Gentry,57,artist,spotify:artist:3bGXaFVQLASmDMdjjeJr8a,"contemporary country, country, country road",medium_term,Brooks & Dunn,640,https://i.scdn.co/image/ab6761610000e5ebbdc3674c0d3e4e6559395460,640,320,https://i.scdn.co/image/ab67616100005174bdc3674c0d3e4e6559395460,320,160,https://i.scdn.co/image/ab6761610000f178bdc3674c0d3e4e6559395460,160,userProfileDataMediumArtists
[],https://open.spotify.com/artist/4nDoRrQiYLoBzwC5BhVJzF,32304383,4nDoRrQiYLoBzwC5BhVJzF,Camila Cabello,79,artist,spotify:artist:4nDoRrQiYLoBzwC5BhVJzF,"dance pop, pop",medium_term,Ariana Grande,640,https://i.scdn.co/image/ab6761610000e5ebec05963eab63676a539fef13,640,320,https://i.scdn.co/image/ab67616100005174ec05963eab63676a539fef13,320,160,https://i.scdn.co/image/ab6761610000f178ec05963eab63676a539fef13,160,userProfileDataMediumArtists
[],https://open.spotify.com/artist/0C8ZW7ezQVs4URX5aX7Kqx,48190679,0C8ZW7ezQVs4URX5aX7Kqx,Selena Gomez,82,artist,spotify:artist:0C8ZW7ezQVs4URX5aX7Kqx,"pop, post-teen pop",medium_term,Ariana Grande,640,https://i.scdn.co/image/ab6761610000e5ebc3c753851496854e29abff7a,640,320,https://i.scdn.co/image/ab67616100005174c3c753851496854e29abff7a,320,160,https://i.scdn.co/image/ab6761610000f178c3c753851496854e29abff7a,160,userProfileDataMediumArtists
[],https://open.spotify.com/artist/6S2OmqARrzebs0tKUEyXyp,26046727,6S2OmqARrzebs0tKUEyXyp,Demi Lovato,77,artist,spotify:artist:6S2OmqARrzebs0tKUEyXyp,"pop, post-teen pop",medium_term,Ariana Grande,640,https://i.scdn.co/image/ab6761610000e5ebcf674ecb51186e6408cd18c0,640,320,https://i.scdn.co/image/ab67616100005174cf674ecb51186e6408cd18c0,320,160,https://i.scdn.co/image/ab6761610000f178cf674ecb51186e6408cd18c0,160,userProfileDataMediumArtists
[],https://open.spotify.com/artist/6M2wZ9GZgrQXHCFfjv46we,42657198,6M2wZ9GZgrQXHCFfjv46we,Dua Lipa,88,artist,spotify:artist:6M2wZ9GZgrQXHCFfjv46we,"dance pop, pop, uk pop",medium_term,Ariana Grande,640,https://i.scdn.co/image/ab6761610000e5eb4e125f9c0f56dfb73fb97eaa,640,320,https://i.scdn.co/image/ab676161000051744e125f9c0f56dfb73fb97eaa,320,160,https://i.scdn.co/image/ab6761610000f1784e125f9c0f56dfb73fb97eaa,160,userProfileDataMediumArtists
[],https://open.spotify.com/artist/5cj0lLjcoR7YOSnhnX0Po5,29015288,5cj0lLjcoR7YOSnhnX0Po5,Doja Cat,87,artist,spotify:artist:5cj0lLjcoR7YOSnhnX0Po5,"dance pop, pop",medium_term,Ariana Grande,640,https://i.scdn.co/image/ab6761610000e5eb7f6d6cac38d494e87692af99,640,320,https://i.scdn.co/image/ab676161000051747f6d6cac38d494e87692af99,320,160,https://i.scdn.co/image/ab6761610000f1787f6d6cac38d494e87692af99,160,userProfileDataMediumArtists
[],https://open.spotify.com/artist/75FnCoo4FBxH5K1Rrx0k5A,1564254,75FnCoo4FBxH5K1Rrx0k5A,The Band Perry,55,artist,spotify:artist:75FnCoo4FBxH5K1Rrx0k5A,"contemporary country, country, country dawn, country road",medium_term,Lady A,640,https://i.scdn.co/image/ab6761610000e5eb173d4b457016fe0727a7e50d,640,320,https://i.scdn.co/image/ab67616100005174173d4b457016fe0727a7e50d,320,160,https://i.scdn.co/image/ab6761610000f178173d4b457016fe0727a7e50d,160,userProfileDataMediumArtists
[],https://open.spotify.com/artist/0hYxQe3AK5jBPCr5MumLHD,1874457,0hYxQe3AK5jBPCr5MumLHD,Sugarland,55,artist,spotify:artist:0hYxQe3AK5jBPCr5MumLHD,"contemporary country, country, country dawn, country road",medium_term,Lady A,640,https://i.scdn.co/image/ab6761610000e5ebed9c4a676ace03ebf1f8a35f,640,320,https://i.scdn.co/image/ab67616100005174ed9c4a676ace03ebf1f8a35f,320,160,https://i.scdn.co/image/ab6761610000f178ed9c4a676ace03ebf1f8a35f,160,userProfileDataMediumArtists
[],https://open.spotify.com/artist/3CygdxquGHurS7f9LjNLkv,2730035,3CygdxquGHurS7f9LjNLkv,Little Big Town,61,artist,spotify:artist:3CygdxquGHurS7f9LjNLkv,"contemporary country, country, country dawn, country road",medium_term,Lady A,640,https://i.scdn.co/image/ab6761610000e5ebbd6b8625807df07fc711dd77,640,320,https://i.scdn.co/image/ab67616100005174bd6b8625807df07fc711dd77,320,160,https://i.scdn.co/image/ab6761610000f178bd6b8625807df07fc711dd77,160,userProfileDataMediumArtists
[],https://open.spotify.com/artist/7qvsLYsYP0MHD7jkdv6DAG,1116686,7qvsLYsYP0MHD7jkdv6DAG,Sara Evans,52,artist,spotify:artist:7qvsLYsYP0MHD7jkdv6DAG,"contemporary country, country, country dawn, country gospel, country road",medium_term,Lady A,640,https://i.scdn.co/image/ab6761610000e5ebe409c650dda163c44462d943,640,320,https://i.scdn.co/image/ab67616100005174e409c650dda163c44462d943,320,160,https://i.scdn.co/image/ab6761610000f178e409c650dda163c44462d943,160,userProfileDataMediumArtists
[],https://open.spotify.com/artist/021hNAnkFIbyFyL97br6NB,888818,021hNAnkFIbyFyL97br6NB,Kellie Pickler,40,artist,spotify:artist:021hNAnkFIbyFyL97br6NB,"contemporary country, country, country dawn, country road",medium_term,Lady A,1500,https://i.scdn.co/image/83cdca46da848b674babcc05a0f0e1827a45796a,1000,960,https://i.scdn.co/image/2f457698f6fa2342349e539f280a8da72c0d773d,640,300,https://i.scdn.co/image/c8ce7c537e803b5a196aa5c4fec4ab3ccd566806,200,userProfileDataMediumArtists
[],https://open.spotify.com/artist/6pBNfggcZZDCmb0p92OnGn,1132477,6pBNfggcZZDCmb0p92OnGn,Chase Rice,59,artist,spotify:artist:6pBNfggcZZDCmb0p92OnGn,"contemporary country, country, country road, modern country rock",medium_term,Sam Hunt,640,https://i.scdn.co/image/ab6761610000e5ebf0cc06403ea45bc2803a39f9,640,320,https://i.scdn.co/image/ab67616100005174f0cc06403ea45bc2803a39f9,320,160,https://i.scdn.co/image/ab6761610000f178f0cc06403ea45bc2803a39f9,160,userProfileDataMediumArtists
[],https://open.spotify.com/artist/6y8XlgIV8BLlIg1tT1R10i,1476030,6y8XlgIV8BLlIg1tT1R10i,Old Dominion,67,artist,spotify:artist:6y8XlgIV8BLlIg1tT1R10i,"contemporary country, country, country road, modern country rock",medium_term,Sam Hunt,640,https://i.scdn.co/image/ab6761610000e5eb0262697c427bdb4509c58c68,640,320,https://i.scdn.co/image/ab676161000051740262697c427bdb4509c58c68,320,160,https://i.scdn.co/image/ab6761610000f1780262697c427bdb4509c58c68,160,userProfileDataMediumArtists
[],https://open.spotify.com/artist/0fiWOxhsBsQQvFDtxUQWo0,1074184,0fiWOxhsBsQQvFDtxUQWo0,Brett Young,65,artist,spotify:artist:0fiWOxhsBsQQvFDtxUQWo0,"contemporary country, country, country road, modern country rock",medium_term,Sam Hunt,640,https://i.scdn.co/image/ab6761610000e5ebe515e1e8974c5d7a6be2be33,640,320,https://i.scdn.co/image/ab67616100005174e515e1e8974c5d7a6be2be33,320,160,https://i.scdn.co/image/ab6761610000f178e515e1e8974c5d7a6be2be33,160,userProfileDataMediumArtists
[],https://open.spotify.com/artist/0qSX3s5pJnAlSsgsCne8Cz,1445430,0qSX3s5pJnAlSsgsCne8Cz,Brett Eldredge,58,artist,spotify:artist:0qSX3s5pJnAlSsgsCne8Cz,"contemporary country, country, country road, modern country rock",medium_term,Sam Hunt,640,https://i.scdn.co/image/ab6761610000e5eb3be6bd19302e88701bb512e0,640,320,https://i.scdn.co/image/ab676161000051743be6bd19302e88701bb512e0,320,160,https://i.scdn.co/image/ab6761610000f1783be6bd19302e88701bb512e0,160,userProfileDataMediumArtists
[],https://open.spotify.com/artist/6x2LnllRG5uGarZMsD4iO8,4628797,6x2LnllRG5uGarZMsD4iO8,Thomas Rhett,72,artist,spotify:artist:6x2LnllRG5uGarZMsD4iO8,"contemporary country, country, country road, modern country rock",medium_term,Sam Hunt,640,https://i.scdn.co/image/ab6761610000e5eb0096cad96e445e8adc22f5e7,640,320,https://i.scdn.co/image/ab676161000051740096cad96e445e8adc22f5e7,320,160,https://i.scdn.co/image/ab6761610000f1780096cad96e445e8adc22f5e7,160,userProfileDataMediumArtists
[],https://open.spotify.com/artist/1Tie3AZgLQZqYEp8Fv4zOZ,630835,1Tie3AZgLQZqYEp8Fv4zOZ,Koe Wetzel,66,artist,spotify:artist:1Tie3AZgLQZqYEp8Fv4zOZ,classic texas country,medium_term,Parker McCollum,640,https://i.scdn.co/image/ab6761610000e5eb9f4a0720e6a73aa8fd752665,640,320,https://i.scdn.co/image/ab676161000051749f4a0720e6a73aa8fd752665,320,160,https://i.scdn.co/image/ab6761610000f1789f4a0720e6a73aa8fd752665,160,userProfileDataMediumArtists
[],https://open.spotify.com/artist/2dz0ijxEHh6AzUzQBwBSKx,98469,2dz0ijxEHh6AzUzQBwBSKx,Kolby Cooper,54,artist,spotify:artist:2dz0ijxEHh6AzUzQBwBSKx,"classic texas country, red dirt",medium_term,Parker McCollum,640,https://i.scdn.co/image/ab6761610000e5eb1c0d6379f4f1fd846413cd48,640,320,https://i.scdn.co/image/ab676161000051741c0d6379f4f1fd846413cd48,320,160,https://i.scdn.co/image/ab6761610000f1781c0d6379f4f1fd846413cd48,160,userProfileDataMediumArtists
[],https://open.spotify.com/artist/4SfGzWmeoNPKIOmiyc7Pav,251683,4SfGzWmeoNPKIOmiyc7Pav,Flatland Cavalry,63,artist,spotify:artist:4SfGzWmeoNPKIOmiyc7Pav,"classic texas country, red dirt",medium_term,Parker McCollum,640,https://i.scdn.co/image/ab6761610000e5ebd6ad0325839122b381a768b9,640,320,https://i.scdn.co/image/ab67616100005174d6ad0325839122b381a768b9,320,160,https://i.scdn.co/image/ab6761610000f178d6ad0325839122b381a768b9,160,userProfileDataMediumArtists
[],https://open.spotify.com/artist/5fGjyURfvKXXCTcnCfU9Dl,131026,5fGjyURfvKXXCTcnCfU9Dl,Southall,56,artist,spotify:artist:5fGjyURfvKXXCTcnCfU9Dl,"classic texas country, oklahoma country, red dirt",medium_term,Parker McCollum,640,https://i.scdn.co/image/ab6761610000e5eb74a50f424ded81549dda3374,640,320,https://i.scdn.co/image/ab6761610000517474a50f424ded81549dda3374,320,160,https://i.scdn.co/image/ab6761610000f17874a50f424ded81549dda3374,160,userProfileDataMediumArtists
[],https://open.spotify.com/artist/2QMsj4XJ7ne2hojxt6v5eb,696909,2QMsj4XJ7ne2hojxt6v5eb,Riley Green,69,artist,spotify:artist:2QMsj4XJ7ne2hojxt6v5eb,"contemporary country, country road, modern country pop, modern country rock",medium_term,Parker McCollum,640,https://i.scdn.co/image/ab6761610000e5eb9046715ec7bc517a30b02d56,640,320,https://i.scdn.co/image/ab676161000051749046715ec7bc517a30b02d56,320,160,https://i.scdn.co/image/ab6761610000f1789046715ec7bc517a30b02d56,160,userProfileDataMediumArtists
[],https://open.spotify.com/artist/6u17YlWtW4oqFF5Hn9UU79,522378,6u17YlWtW4oqFF5Hn9UU79,"Harry Connick, Jr.",50,artist,spotify:artist:6u17YlWtW4oqFF5Hn9UU79,"adult standards, contemporary vocal jazz, lounge, vocal jazz",medium_term,Michael BublÃ©,640,https://i.scdn.co/image/ab6761610000e5eb5246fd018fecb5f3cce9d906,640,320,https://i.scdn.co/image/ab676161000051745246fd018fecb5f3cce9d906,320,160,https://i.scdn.co/image/ab6761610000f1785246fd018fecb5f3cce9d906,160,userProfileDataMediumArtists
[],https://open.spotify.com/artist/2lolQgalUvZDfp5vvVtTYV,904314,2lolQgalUvZDfp5vvVtTYV,Tony Bennett,61,artist,spotify:artist:2lolQgalUvZDfp5vvVtTYV,"adult standards, easy listening, lounge, vocal jazz",medium_term,Michael BublÃ©,640,https://i.scdn.co/image/ab6761610000e5ebcd9641c8b449440a77ee19cc,640,320,https://i.scdn.co/image/ab67616100005174cd9641c8b449440a77ee19cc,320,160,https://i.scdn.co/image/ab6761610000f178cd9641c8b449440a77ee19cc,160,userProfileDataMediumArtists
[],https://open.spotify.com/artist/7v4imS0moSyGdXyLgVTIV7,2184770,7v4imS0moSyGdXyLgVTIV7,Nat King Cole,69,artist,spotify:artist:7v4imS0moSyGdXyLgVTIV7,"adult standards, lounge, soul, swing, vocal jazz",medium_term,Michael BublÃ©,640,https://i.scdn.co/image/ab6761610000e5eb12cfc0c902710269d3a954aa,640,320,https://i.scdn.co/image/ab6761610000517412cfc0c902710269d3a954aa,320,160,https://i.scdn.co/image/ab6761610000f17812cfc0c902710269d3a954aa,160,userProfileDataMediumArtists
[],https://open.spotify.com/artist/1Mxqyy3pSjf8kZZL4QVxS0,6928513,1Mxqyy3pSjf8kZZL4QVxS0,Frank Sinatra,77,artist,spotify:artist:1Mxqyy3pSjf8kZZL4QVxS0,"adult standards, easy listening, lounge",medium_term,Michael BublÃ©,650,https://i.scdn.co/image/fc4e0f474fb4c4cb83617aa884dc9fd9822d4411,999,416,https://i.scdn.co/image/883de3e492364891543bc0313ffe516626778a16,640,130,https://i.scdn.co/image/810f29651e05c9eae5a31f8151c2e05dc46390f9,200,userProfileDataMediumArtists
[],https://open.spotify.com/artist/49e4v89VmlDcFCMyDv9wQ9,1616046,49e4v89VmlDcFCMyDv9wQ9,Dean Martin,68,artist,spotify:artist:49e4v89VmlDcFCMyDv9wQ9,"adult standards, easy listening, lounge, vocal jazz",medium_term,Michael BublÃ©,640,https://i.scdn.co/image/ab6761610000e5eb4dccee2f9fe2960b14f9a4d3,640,320,https://i.scdn.co/image/ab676161000051744dccee2f9fe2960b14f9a4d3,320,160,https://i.scdn.co/image/ab6761610000f1784dccee2f9fe2960b14f9a4d3,160,userProfileDataMediumArtists
[],https://open.spotify.com/artist/7x8nK0m0cP2ksQf0mjWdPS,3027616,7x8nK0m0cP2ksQf0mjWdPS,Dierks Bentley,67,artist,spotify:artist:7x8nK0m0cP2ksQf0mjWdPS,"contemporary country, country, country road, modern country rock",medium_term,Eric Church,640,https://i.scdn.co/image/ab6761610000e5eb56f2ff11303eddb9aaee081b,640,320,https://i.scdn.co/image/ab6761610000517456f2ff11303eddb9aaee081b,320,160,https://i.scdn.co/image/ab6761610000f17856f2ff11303eddb9aaee081b,160,userProfileDataMediumArtists
[],https://open.spotify.com/artist/1n2pb9Tsfe4SwAjmUac6YT,1869700,1n2pb9Tsfe4SwAjmUac6YT,Jake Owen,64,artist,spotify:artist:1n2pb9Tsfe4SwAjmUac6YT,"contemporary country, country, country road, modern country rock",medium_term,Eric Church,640,https://i.scdn.co/image/ab6761610000e5eb07fa8b648c4c02514f34cf87,640,320,https://i.scdn.co/image/ab6761610000517407fa8b648c4c02514f34cf87,320,160,https://i.scdn.co/image/ab6761610000f17807fa8b648c4c02514f34cf87,160,userProfileDataMediumArtists
[],https://open.spotify.com/artist/30e8DmahrEamvLbFRPdWmk,1806988,30e8DmahrEamvLbFRPdWmk,Justin Moore,63,artist,spotify:artist:30e8DmahrEamvLbFRPdWmk,"arkansas country, contemporary country, country, country road, modern country rock",medium_term,Eric Church,640,https://i.scdn.co/image/ab6761610000e5eb9c67d34b79449dd65b293034,640,320,https://i.scdn.co/image/ab676161000051749c67d34b79449dd65b293034,320,160,https://i.scdn.co/image/ab6761610000f1789c67d34b79449dd65b293034,160,userProfileDataMediumArtists
[],https://open.spotify.com/artist/56x8mYvS3cyDGAi8N2FxbB,999395,56x8mYvS3cyDGAi8N2FxbB,Randy Houser,61,artist,spotify:artist:56x8mYvS3cyDGAi8N2FxbB,"contemporary country, country, country road",medium_term,Eric Church,640,https://i.scdn.co/image/ab6761610000e5ebf72e29d9c4fa7ccadcfa89d0,640,320,https://i.scdn.co/image/ab67616100005174f72e29d9c4fa7ccadcfa89d0,320,160,https://i.scdn.co/image/ab6761610000f178f72e29d9c4fa7ccadcfa89d0,160,userProfileDataMediumArtists
[],https://open.spotify.com/artist/1By9QBFnjZAoI83BZppHlt,2548655,1By9QBFnjZAoI83BZppHlt,Billy Currington,64,artist,spotify:artist:1By9QBFnjZAoI83BZppHlt,"contemporary country, country, country road",medium_term,Eric Church,1000,https://i.scdn.co/image/b54b36596d1511fd262e8e60445689624cd1adca,1000,640,https://i.scdn.co/image/be4b93a1d60a70626c7767120f1935620e1ca4ad,640,200,https://i.scdn.co/image/0a0f9e2cb5eb2586e3db412a31a16de94caf0201,200,userProfileDataMediumArtists
[],https://open.spotify.com/artist/4Uc8Dsxct0oMqx0P6i60ea,9344701,4Uc8Dsxct0oMqx0P6i60ea,Conan Gray,79,artist,spotify:artist:4Uc8Dsxct0oMqx0P6i60ea,"bedroom pop, pop, pov: indie",medium_term,Olivia Rodrigo,640,https://i.scdn.co/image/ab6761610000e5ebc1c8fa15e08cb31eeb03b771,640,320,https://i.scdn.co/image/ab67616100005174c1c8fa15e08cb31eeb03b771,320,160,https://i.scdn.co/image/ab6761610000f178c1c8fa15e08cb31eeb03b771,160,userProfileDataMediumArtists
[],https://open.spotify.com/artist/74KM79TiuVKeVCqs8QtB0B,7482077,74KM79TiuVKeVCqs8QtB0B,Sabrina Carpenter,80,artist,spotify:artist:74KM79TiuVKeVCqs8QtB0B,pop,medium_term,Olivia Rodrigo,640,https://i.scdn.co/image/ab6761610000e5eb00e540b760b56d02cc415c47,640,320,https://i.scdn.co/image/ab6761610000517400e540b760b56d02cc415c47,320,160,https://i.scdn.co/image/ab6761610000f17800e540b760b56d02cc415c47,160,userProfileDataMediumArtists
[],https://open.spotify.com/artist/45dkTj5sMRSjrmBSBeiHym,4952994,45dkTj5sMRSjrmBSBeiHym,Tate McRae,86,artist,spotify:artist:45dkTj5sMRSjrmBSBeiHym,pop,medium_term,Olivia Rodrigo,640,https://i.scdn.co/image/ab6761610000e5eb846308bf9bf7d3183958b3a6,640,320,https://i.scdn.co/image/ab67616100005174846308bf9bf7d3183958b3a6,320,160,https://i.scdn.co/image/ab6761610000f178846308bf9bf7d3183958b3a6,160,userProfileDataMediumArtists
[],https://open.spotify.com/artist/2kRfqPViCqYdSGhYSM9R0Q,6278984,2kRfqPViCqYdSGhYSM9R0Q,Madison Beer,74,artist,spotify:artist:2kRfqPViCqYdSGhYSM9R0Q,pop,medium_term,Olivia Rodrigo,640,https://i.scdn.co/image/ab6761610000e5ebe0b37426761bbaa441615c5b,640,320,https://i.scdn.co/image/ab67616100005174e0b37426761bbaa441615c5b,320,160,https://i.scdn.co/image/ab6761610000f178e0b37426761bbaa441615c5b,160,userProfileDataMediumArtists
[],https://open.spotify.com/artist/5cj0lLjcoR7YOSnhnX0Po5,29015288,5cj0lLjcoR7YOSnhnX0Po5,Doja Cat,87,artist,spotify:artist:5cj0lLjcoR7YOSnhnX0Po5,"dance pop, pop",medium_term,Olivia Rodrigo,640,https://i.scdn.co/image/ab6761610000e5eb7f6d6cac38d494e87692af99,640,320,https://i.scdn.co/image/ab676161000051747f6d6cac38d494e87692af99,320,160,https://i.scdn.co/image/ab6761610000f1787f6d6cac38d494e87692af99,160,userProfileDataMediumArtists
[],https://open.spotify.com/artist/2L9DVKDXY3W8uRl5TwLbMC,103055,2L9DVKDXY3W8uRl5TwLbMC,Colby Acuff,55,artist,spotify:artist:2L9DVKDXY3W8uRl5TwLbMC,modern country pop,medium_term,Mitchell Tenpenny,640,https://i.scdn.co/image/ab6761610000e5ebe896830025a92060f608857e,640,320,https://i.scdn.co/image/ab67616100005174e896830025a92060f608857e,320,160,https://i.scdn.co/image/ab6761610000f178e896830025a92060f608857e,160,userProfileDataMediumArtists
[],https://open.spotify.com/artist/1E2AEtxaFaJtH0lO7kgNKw,479647,1E2AEtxaFaJtH0lO7kgNKw,Russell Dickerson,61,artist,spotify:artist:1E2AEtxaFaJtH0lO7kgNKw,"contemporary country, country, country road, modern country rock",medium_term,Mitchell Tenpenny,640,https://i.scdn.co/image/ab6761610000e5eb7877d01b750c49e68890c3b6,640,320,https://i.scdn.co/image/ab676161000051747877d01b750c49e68890c3b6,320,160,https://i.scdn.co/image/ab6761610000f1787877d01b750c49e68890c3b6,160,userProfileDataMediumArtists
[],https://open.spotify.com/artist/147nKr9upHZSSxqCzh9j7c,253381,147nKr9upHZSSxqCzh9j7c,Jimmie Allen,54,artist,spotify:artist:147nKr9upHZSSxqCzh9j7c,"black americana, contemporary country, country road, modern country rock",medium_term,Mitchell Tenpenny,640,https://i.scdn.co/image/ab6761610000e5eb9af6a3023d18062c65e6b98b,640,320,https://i.scdn.co/image/ab676161000051749af6a3023d18062c65e6b98b,320,160,https://i.scdn.co/image/ab6761610000f1789af6a3023d18062c65e6b98b,160,userProfileDataMediumArtists
[],https://open.spotify.com/artist/78eqps3BavCqe2q7GCU1VK,155180,78eqps3BavCqe2q7GCU1VK,Tyler Rich,45,artist,spotify:artist:78eqps3BavCqe2q7GCU1VK,"contemporary country, country pop, country road, modern country rock",medium_term,Mitchell Tenpenny,640,https://i.scdn.co/image/ab6761610000e5eb2d35f367a6abde15158b0834,640,320,https://i.scdn.co/image/ab676161000051742d35f367a6abde15158b0834,320,160,https://i.scdn.co/image/ab6761610000f1782d35f367a6abde15158b0834,160,userProfileDataMediumArtists
[],https://open.spotify.com/artist/68abRTdO4meYReMWHvBYb0,996268,68abRTdO4meYReMWHvBYb0,Chris Lane,56,artist,spotify:artist:68abRTdO4meYReMWHvBYb0,"contemporary country, country, country road, modern country rock",medium_term,Mitchell Tenpenny,640,https://i.scdn.co/image/ab6761610000e5eb9c40f6acc924c5d09b2cc575,640,320,https://i.scdn.co/image/ab676161000051749c40f6acc924c5d09b2cc575,320,160,https://i.scdn.co/image/ab6761610000f1789c40f6acc924c5d09b2cc575,160,userProfileDataMediumArtists
